,Kernel,Kernel_iterations,warps_per_thread_block,shifts_per_thread,left_rows_per_iteration,Name,Args,Input size,Input total items,Input matrix rows,Input matrix cols,Input matrix area,Input left matrices,Input right matrices,Input type,Group
0,11973,125215,4,1,1,basic-multirow_both,4_1_1,16_16_1_1,512,16,16,256,1,1,1x1,one_to_one
0,8936,167852,4,1,2,basic-multirow_both,4_1_2,16_16_1_1,512,16,16,256,1,1,1x1,one_to_one
0,9302,161144,4,1,4,basic-multirow_both,4_1_4,16_16_1_1,512,16,16,256,1,1,1x1,one_to_one
0,9684,154856,4,1,8,basic-multirow_both,4_1_8,16_16_1_1,512,16,16,256,1,1,1x1,one_to_one
0,13917,107776,4,2,1,basic-multirow_both,4_2_1,16_16_1_1,512,16,16,256,1,1,1x1,one_to_one
0,10596,141555,4,2,2,basic-multirow_both,4_2_2,16_16_1_1,512,16,16,256,1,1,1x1,one_to_one
0,11921,125811,4,2,4,basic-multirow_both,4_2_4,16_16_1_1,512,16,16,256,1,1,1x1,one_to_one
0,10592,141601,4,2,8,basic-multirow_both,4_2_8,16_16_1_1,512,16,16,256,1,1,1x1,one_to_one
0,24754,60598,4,4,1,basic-multirow_both,4_4_1,16_16_1_1,512,16,16,256,1,1,1x1,one_to_one
0,13632,110027,4,4,2,basic-multirow_both,4_4_2,16_16_1_1,512,16,16,256,1,1,1x1,one_to_one
0,13258,113090,4,4,4,basic-multirow_both,4_4_4,16_16_1_1,512,16,16,256,1,1,1x1,one_to_one
0,11230,133551,4,4,8,basic-multirow_both,4_4_8,16_16_1_1,512,16,16,256,1,1,1x1,one_to_one
0,16980,88343,4,8,1,basic-multirow_both,4_8_1,16_16_1_1,512,16,16,256,1,1,1x1,one_to_one
0,16099,93160,4,8,2,basic-multirow_both,4_8_2,16_16_1_1,512,16,16,256,1,1,1x1,one_to_one
0,14216,105498,4,8,4,basic-multirow_both,4_8_4,16_16_1_1,512,16,16,256,1,1,1x1,one_to_one
0,15812,94855,4,8,8,basic-multirow_both,4_8_8,16_16_1_1,512,16,16,256,1,1,1x1,one_to_one
0,13130,114232,8,1,1,basic-multirow_both,8_1_1,16_16_1_1,512,16,16,256,1,1,1x1,one_to_one
0,11240,133431,8,1,2,basic-multirow_both,8_1_2,16_16_1_1,512,16,16,256,1,1,1x1,one_to_one
0,11301,132758,8,1,4,basic-multirow_both,8_1_4,16_16_1_1,512,16,16,256,1,1,1x1,one_to_one
0,12119,123770,8,1,8,basic-multirow_both,8_1_8,16_16_1_1,512,16,16,256,1,1,1x1,one_to_one
0,14411,104091,8,2,1,basic-multirow_both,8_2_1,16_16_1_1,512,16,16,256,1,1,1x1,one_to_one
0,11384,131735,8,2,2,basic-multirow_both,8_2_2,16_16_1_1,512,16,16,256,1,1,1x1,one_to_one
0,12398,120985,8,2,4,basic-multirow_both,8_2_4,16_16_1_1,512,16,16,256,1,1,1x1,one_to_one
0,11631,128980,8,2,8,basic-multirow_both,8_2_8,16_16_1_1,512,16,16,256,1,1,1x1,one_to_one
0,24649,60852,8,4,1,basic-multirow_both,8_4_1,16_16_1_1,512,16,16,256,1,1,1x1,one_to_one
0,14052,106743,8,4,2,basic-multirow_both,8_4_2,16_16_1_1,512,16,16,256,1,1,1x1,one_to_one
0,13434,111653,8,4,4,basic-multirow_both,8_4_4,16_16_1_1,512,16,16,256,1,1,1x1,one_to_one
0,12301,121934,8,4,8,basic-multirow_both,8_4_8,16_16_1_1,512,16,16,256,1,1,1x1,one_to_one
0,17032,88077,8,8,1,basic-multirow_both,8_8_1,16_16_1_1,512,16,16,256,1,1,1x1,one_to_one
0,16119,93058,8,8,2,basic-multirow_both,8_8_2,16_16_1_1,512,16,16,256,1,1,1x1,one_to_one
0,14300,104903,8,8,4,basic-multirow_both,8_8_4,16_16_1_1,512,16,16,256,1,1,1x1,one_to_one
0,15888,94415,8,8,8,basic-multirow_both,8_8_8,16_16_1_1,512,16,16,256,1,1,1x1,one_to_one
0,19545,76745,4,1,1,basic-multirow_both,4_1_1,24_24_1_1,1152,24,24,576,1,1,1x1,one_to_one
0,13949,107469,4,1,2,basic-multirow_both,4_1_2,24_24_1_1,1152,24,24,576,1,1,1x1,one_to_one
0,12948,115787,4,1,4,basic-multirow_both,4_1_4,24_24_1_1,1152,24,24,576,1,1,1x1,one_to_one
0,13434,111653,4,1,8,basic-multirow_both,4_1_8,24_24_1_1,1152,24,24,576,1,1,1x1,one_to_one
0,22541,66540,4,2,1,basic-multirow_both,4_2_1,24_24_1_1,1152,24,24,576,1,1,1x1,one_to_one
0,16395,91489,4,2,2,basic-multirow_both,4_2_2,24_24_1_1,1152,24,24,576,1,1,1x1,one_to_one
0,17901,83793,4,2,4,basic-multirow_both,4_2_4,24_24_1_1,1152,24,24,576,1,1,1x1,one_to_one
0,14525,103268,4,2,8,basic-multirow_both,4_2_8,24_24_1_1,1152,24,24,576,1,1,1x1,one_to_one
0,36968,40576,4,4,1,basic-multirow_both,4_4_1,24_24_1_1,1152,24,24,576,1,1,1x1,one_to_one
0,18917,79293,4,4,2,basic-multirow_both,4_4_2,24_24_1_1,1152,24,24,576,1,1,1x1,one_to_one
0,17929,83658,4,4,4,basic-multirow_both,4_4_4,24_24_1_1,1152,24,24,576,1,1,1x1,one_to_one
0,14548,103103,4,4,8,basic-multirow_both,4_4_8,24_24_1_1,1152,24,24,576,1,1,1x1,one_to_one
0,27947,53670,4,8,1,basic-multirow_both,4_8_1,24_24_1_1,1152,24,24,576,1,1,1x1,one_to_one
0,25294,59302,4,8,2,basic-multirow_both,4_8_2,24_24_1_1,1152,24,24,576,1,1,1x1,one_to_one
0,20050,74806,4,8,4,basic-multirow_both,4_8_4,24_24_1_1,1152,24,24,576,1,1,1x1,one_to_one
0,19716,76063,4,8,8,basic-multirow_both,4_8_8,24_24_1_1,1152,24,24,576,1,1,1x1,one_to_one
0,21911,68458,8,1,1,basic-multirow_both,8_1_1,24_24_1_1,1152,24,24,576,1,1,1x1,one_to_one
0,17704,84728,8,1,2,basic-multirow_both,8_1_2,24_24_1_1,1152,24,24,576,1,1,1x1,one_to_one
0,17101,87708,8,1,4,basic-multirow_both,8_1_4,24_24_1_1,1152,24,24,576,1,1,1x1,one_to_one
0,18110,82819,8,1,8,basic-multirow_both,8_1_8,24_24_1_1,1152,24,24,576,1,1,1x1,one_to_one
0,21667,69230,8,2,1,basic-multirow_both,8_2_1,24_24_1_1,1152,24,24,576,1,1,1x1,one_to_one
0,18391,81558,8,2,2,basic-multirow_both,8_2_2,24_24_1_1,1152,24,24,576,1,1,1x1,one_to_one
0,18846,79590,8,2,4,basic-multirow_both,8_2_4,24_24_1_1,1152,24,24,576,1,1,1x1,one_to_one
0,17899,83800,8,2,8,basic-multirow_both,8_2_8,24_24_1_1,1152,24,24,576,1,1,1x1,one_to_one
0,37683,39807,8,4,1,basic-multirow_both,8_4_1,24_24_1_1,1152,24,24,576,1,1,1x1,one_to_one
0,21111,71048,8,4,2,basic-multirow_both,8_4_2,24_24_1_1,1152,24,24,576,1,1,1x1,one_to_one
0,19684,76207,8,4,4,basic-multirow_both,8_4_4,24_24_1_1,1152,24,24,576,1,1,1x1,one_to_one
0,17895,83815,8,4,8,basic-multirow_both,8_4_8,24_24_1_1,1152,24,24,576,1,1,1x1,one_to_one
0,27815,53924,8,8,1,basic-multirow_both,8_8_1,24_24_1_1,1152,24,24,576,1,1,1x1,one_to_one
0,25414,59022,8,8,2,basic-multirow_both,8_8_2,24_24_1_1,1152,24,24,576,1,1,1x1,one_to_one
0,20693,72488,8,8,4,basic-multirow_both,8_8_4,24_24_1_1,1152,24,24,576,1,1,1x1,one_to_one
0,21288,70455,8,8,8,basic-multirow_both,8_8_8,24_24_1_1,1152,24,24,576,1,1,1x1,one_to_one
0,26070,57542,4,1,1,basic-multirow_both,4_1_1,32_32_1_1,2048,32,32,1024,1,1,1x1,one_to_one
0,18349,81741,4,1,2,basic-multirow_both,4_1_2,32_32_1_1,2048,32,32,1024,1,1,1x1,one_to_one
0,16552,90622,4,1,4,basic-multirow_both,4_1_4,32_32_1_1,2048,32,32,1024,1,1,1x1,one_to_one
0,16615,90330,4,1,8,basic-multirow_both,4_1_8,32_32_1_1,2048,32,32,1024,1,1,1x1,one_to_one
0,29367,51092,4,2,1,basic-multirow_both,4_2_1,32_32_1_1,2048,32,32,1024,1,1,1x1,one_to_one
0,21094,71111,4,2,2,basic-multirow_both,4_2_2,32_32_1_1,2048,32,32,1024,1,1,1x1,one_to_one
0,23095,64949,4,2,4,basic-multirow_both,4_2_4,32_32_1_1,2048,32,32,1024,1,1,1x1,one_to_one
0,17641,85033,4,2,8,basic-multirow_both,4_2_8,32_32_1_1,2048,32,32,1024,1,1,1x1,one_to_one
0,54612,27465,4,4,1,basic-multirow_both,4_4_1,32_32_1_1,2048,32,32,1024,1,1,1x1,one_to_one
0,28983,51754,4,4,2,basic-multirow_both,4_4_2,32_32_1_1,2048,32,32,1024,1,1,1x1,one_to_one
0,25222,59473,4,4,4,basic-multirow_both,4_4_4,32_32_1_1,2048,32,32,1024,1,1,1x1,one_to_one
0,19984,75055,4,4,8,basic-multirow_both,4_4_8,32_32_1_1,2048,32,32,1024,1,1,1x1,one_to_one
0,37786,39698,4,8,1,basic-multirow_both,4_8_1,32_32_1_1,2048,32,32,1024,1,1,1x1,one_to_one
0,34964,42906,4,8,2,basic-multirow_both,4_8_2,32_32_1_1,2048,32,32,1024,1,1,1x1,one_to_one
0,26680,56217,4,8,4,basic-multirow_both,4_8_4,32_32_1_1,2048,32,32,1024,1,1,1x1,one_to_one
0,26221,57208,4,8,8,basic-multirow_both,4_8_8,32_32_1_1,2048,32,32,1024,1,1,1x1,one_to_one
0,28767,52139,8,1,1,basic-multirow_both,8_1_1,32_32_1_1,2048,32,32,1024,1,1,1x1,one_to_one
0,23218,64606,8,1,2,basic-multirow_both,8_1_2,32_32_1_1,2048,32,32,1024,1,1,1x1,one_to_one
0,22221,67499,8,1,4,basic-multirow_both,8_1_4,32_32_1_1,2048,32,32,1024,1,1,1x1,one_to_one
0,23282,64428,8,1,8,basic-multirow_both,8_1_8,32_32_1_1,2048,32,32,1024,1,1,1x1,one_to_one
0,34449,43539,8,2,1,basic-multirow_both,8_2_1,32_32_1_1,2048,32,32,1024,1,1,1x1,one_to_one
0,25909,57893,8,2,2,basic-multirow_both,8_2_2,32_32_1_1,2048,32,32,1024,1,1,1x1,one_to_one
0,25786,58168,8,2,4,basic-multirow_both,8_2_4,32_32_1_1,2048,32,32,1024,1,1,1x1,one_to_one
0,23674,63363,8,2,8,basic-multirow_both,8_2_8,32_32_1_1,2048,32,32,1024,1,1,1x1,one_to_one
0,53100,28249,8,4,1,basic-multirow_both,8_4_1,32_32_1_1,2048,32,32,1024,1,1,1x1,one_to_one
0,29473,50894,8,4,2,basic-multirow_both,8_4_2,32_32_1_1,2048,32,32,1024,1,1,1x1,one_to_one
0,26726,56126,8,4,4,basic-multirow_both,8_4_4,32_32_1_1,2048,32,32,1024,1,1,1x1,one_to_one
0,22705,66059,8,4,8,basic-multirow_both,8_4_8,32_32_1_1,2048,32,32,1024,1,1,1x1,one_to_one
0,42360,35411,8,8,1,basic-multirow_both,8_8_1,32_32_1_1,2048,32,32,1024,1,1,1x1,one_to_one
0,36753,40813,8,8,2,basic-multirow_both,8_8_2,32_32_1_1,2048,32,32,1024,1,1,1x1,one_to_one
0,29669,50559,8,8,4,basic-multirow_both,8_8_4,32_32_1_1,2048,32,32,1024,1,1,1x1,one_to_one
0,29388,51040,8,8,8,basic-multirow_both,8_8_8,32_32_1_1,2048,32,32,1024,1,1,1x1,one_to_one
0,62618,23955,4,1,1,basic-multirow_both,4_1_1,48_48_1_1,4608,48,48,2304,1,1,1x1,one_to_one
0,42544,35256,4,1,2,basic-multirow_both,4_1_2,48_48_1_1,4608,48,48,2304,1,1,1x1,one_to_one
0,41050,36542,4,1,4,basic-multirow_both,4_1_4,48_48_1_1,4608,48,48,2304,1,1,1x1,one_to_one
0,39749,37738,4,1,8,basic-multirow_both,4_1_8,48_48_1_1,4608,48,48,2304,1,1,1x1,one_to_one
0,74191,20219,4,2,1,basic-multirow_both,4_2_1,48_48_1_1,4608,48,48,2304,1,1,1x1,one_to_one
0,53862,27849,4,2,2,basic-multirow_both,4_2_2,48_48_1_1,4608,48,48,2304,1,1,1x1,one_to_one
0,61680,24321,4,2,4,basic-multirow_both,4_2_4,48_48_1_1,4608,48,48,2304,1,1,1x1,one_to_one
0,43238,34694,4,2,8,basic-multirow_both,4_2_8,48_48_1_1,4608,48,48,2304,1,1,1x1,one_to_one
0,153269,9785,4,4,1,basic-multirow_both,4_4_1,48_48_1_1,4608,48,48,2304,1,1,1x1,one_to_one
0,75885,19768,4,4,2,basic-multirow_both,4_4_2,48_48_1_1,4608,48,48,2304,1,1,1x1,one_to_one
0,67791,22127,4,4,4,basic-multirow_both,4_4_4,48_48_1_1,4608,48,48,2304,1,1,1x1,one_to_one
0,49249,30459,4,4,8,basic-multirow_both,4_4_8,48_48_1_1,4608,48,48,2304,1,1,1x1,one_to_one
0,107262,10000,4,8,1,basic-multirow_both,4_8_1,48_48_1_1,4608,48,48,2304,1,1,1x1,one_to_one
0,94511,15873,4,8,2,basic-multirow_both,4_8_2,48_48_1_1,4608,48,48,2304,1,1,1x1,one_to_one
0,66700,22489,4,8,4,basic-multirow_both,4_8_4,48_48_1_1,4608,48,48,2304,1,1,1x1,one_to_one
0,60888,24636,4,8,8,basic-multirow_both,4_8_8,48_48_1_1,4608,48,48,2304,1,1,1x1,one_to_one
0,72751,20618,8,1,1,basic-multirow_both,8_1_1,48_48_1_1,4608,48,48,2304,1,1,1x1,one_to_one
0,61834,24260,8,1,2,basic-multirow_both,8_1_2,48_48_1_1,4608,48,48,2304,1,1,1x1,one_to_one
0,61509,24388,8,1,4,basic-multirow_both,8_1_4,48_48_1_1,4608,48,48,2304,1,1,1x1,one_to_one
0,63281,23706,8,1,8,basic-multirow_both,8_1_8,48_48_1_1,4608,48,48,2304,1,1,1x1,one_to_one
0,88050,17037,8,2,1,basic-multirow_both,8_2_1,48_48_1_1,4608,48,48,2304,1,1,1x1,one_to_one
0,70622,21242,8,2,2,basic-multirow_both,8_2_2,48_48_1_1,4608,48,48,2304,1,1,1x1,one_to_one
0,70068,21408,8,2,4,basic-multirow_both,8_2_4,48_48_1_1,4608,48,48,2304,1,1,1x1,one_to_one
0,64316,23324,8,2,8,basic-multirow_both,8_2_8,48_48_1_1,4608,48,48,2304,1,1,1x1,one_to_one
0,153674,9760,8,4,1,basic-multirow_both,8_4_1,48_48_1_1,4608,48,48,2304,1,1,1x1,one_to_one
0,89506,16760,8,4,2,basic-multirow_both,8_4_2,48_48_1_1,4608,48,48,2304,1,1,1x1,one_to_one
0,80349,18668,8,4,4,basic-multirow_both,8_4_4,48_48_1_1,4608,48,48,2304,1,1,1x1,one_to_one
0,71293,21040,8,4,8,basic-multirow_both,8_4_8,48_48_1_1,4608,48,48,2304,1,1,1x1,one_to_one
0,138250,10000,8,8,1,basic-multirow_both,8_8_1,48_48_1_1,4608,48,48,2304,1,1,1x1,one_to_one
0,109309,10000,8,8,2,basic-multirow_both,8_8_2,48_48_1_1,4608,48,48,2304,1,1,1x1,one_to_one
0,85095,17628,8,8,4,basic-multirow_both,8_8_4,48_48_1_1,4608,48,48,2304,1,1,1x1,one_to_one
0,78582,19088,8,8,8,basic-multirow_both,8_8_8,48_48_1_1,4608,48,48,2304,1,1,1x1,one_to_one
0,88644,16922,4,1,1,basic-multirow_both,4_1_1,64_64_1_1,8192,64,64,4096,1,1,1x1,one_to_one
0,61530,24379,4,1,2,basic-multirow_both,4_1_2,64_64_1_1,8192,64,64,4096,1,1,1x1,one_to_one
0,55857,26856,4,1,4,basic-multirow_both,4_1_4,64_64_1_1,8192,64,64,4096,1,1,1x1,one_to_one
0,52907,28351,4,1,8,basic-multirow_both,4_1_8,64_64_1_1,8192,64,64,4096,1,1,1x1,one_to_one
0,102581,10000,4,2,1,basic-multirow_both,4_2_1,64_64_1_1,8192,64,64,4096,1,1,1x1,one_to_one
0,74103,20243,4,2,2,basic-multirow_both,4_2_2,64_64_1_1,8192,64,64,4096,1,1,1x1,one_to_one
0,83372,17993,4,2,4,basic-multirow_both,4_2_4,64_64_1_1,8192,64,64,4096,1,1,1x1,one_to_one
0,55900,26833,4,2,8,basic-multirow_both,4_2_8,64_64_1_1,8192,64,64,4096,1,1,1x1,one_to_one
0,210336,7131,4,4,1,basic-multirow_both,4_4_1,64_64_1_1,8192,64,64,4096,1,1,1x1,one_to_one
0,105313,10000,4,4,2,basic-multirow_both,4_4_2,64_64_1_1,8192,64,64,4096,1,1,1x1,one_to_one
0,90723,16534,4,4,4,basic-multirow_both,4_4_4,64_64_1_1,8192,64,64,4096,1,1,1x1,one_to_one
0,65208,23005,4,4,8,basic-multirow_both,4_4_8,64_64_1_1,8192,64,64,4096,1,1,1x1,one_to_one
0,160953,9315,4,8,1,basic-multirow_both,4_8_1,64_64_1_1,8192,64,64,4096,1,1,1x1,one_to_one
0,134663,10000,4,8,2,basic-multirow_both,4_8_2,64_64_1_1,8192,64,64,4096,1,1,1x1,one_to_one
0,90522,16571,4,8,4,basic-multirow_both,4_8_4,64_64_1_1,8192,64,64,4096,1,1,1x1,one_to_one
0,80821,18560,4,8,8,basic-multirow_both,4_8_8,64_64_1_1,8192,64,64,4096,1,1,1x1,one_to_one
0,103219,10000,8,1,1,basic-multirow_both,8_1_1,64_64_1_1,8192,64,64,4096,1,1,1x1,one_to_one
0,84518,17748,8,1,2,basic-multirow_both,8_1_2,64_64_1_1,8192,64,64,4096,1,1,1x1,one_to_one
0,82465,18190,8,1,4,basic-multirow_both,8_1_4,64_64_1_1,8192,64,64,4096,1,1,1x1,one_to_one
0,84564,17739,8,1,8,basic-multirow_both,8_1_8,64_64_1_1,8192,64,64,4096,1,1,1x1,one_to_one
0,124970,10000,8,2,1,basic-multirow_both,8_2_1,64_64_1_1,8192,64,64,4096,1,1,1x1,one_to_one
0,98503,15228,8,2,2,basic-multirow_both,8_2_2,64_64_1_1,8192,64,64,4096,1,1,1x1,one_to_one
0,95741,15669,8,2,4,basic-multirow_both,8_2_4,64_64_1_1,8192,64,64,4096,1,1,1x1,one_to_one
0,86479,17346,8,2,8,basic-multirow_both,8_2_8,64_64_1_1,8192,64,64,4096,1,1,1x1,one_to_one
0,215099,6972,8,4,1,basic-multirow_both,8_4_1,64_64_1_1,8192,64,64,4096,1,1,1x1,one_to_one
0,121731,10000,8,4,2,basic-multirow_both,8_4_2,64_64_1_1,8192,64,64,4096,1,1,1x1,one_to_one
0,106889,10000,8,4,4,basic-multirow_both,8_4_4,64_64_1_1,8192,64,64,4096,1,1,1x1,one_to_one
0,89122,16831,8,4,8,basic-multirow_both,8_4_8,64_64_1_1,8192,64,64,4096,1,1,1x1,one_to_one
0,180994,8284,8,8,1,basic-multirow_both,8_8_1,64_64_1_1,8192,64,64,4096,1,1,1x1,one_to_one
0,143732,10000,8,8,2,basic-multirow_both,8_8_2,64_64_1_1,8192,64,64,4096,1,1,1x1,one_to_one
0,110890,10000,8,8,4,basic-multirow_both,8_8_4,64_64_1_1,8192,64,64,4096,1,1,1x1,one_to_one
0,104838,10000,8,8,8,basic-multirow_both,8_8_8,64_64_1_1,8192,64,64,4096,1,1,1x1,one_to_one
0,191404,7836,4,1,1,basic-multirow_both,4_1_1,96_96_1_1,18432,96,96,9216,1,1,1x1,one_to_one
0,132695,10000,4,1,2,basic-multirow_both,4_1_2,96_96_1_1,18432,96,96,9216,1,1,1x1,one_to_one
0,120781,10000,4,1,4,basic-multirow_both,4_1_4,96_96_1_1,18432,96,96,9216,1,1,1x1,one_to_one
0,112877,10000,4,1,8,basic-multirow_both,4_1_8,96_96_1_1,18432,96,96,9216,1,1,1x1,one_to_one
0,227693,6587,4,2,1,basic-multirow_both,4_2_1,96_96_1_1,18432,96,96,9216,1,1,1x1,one_to_one
0,164159,9135,4,2,2,basic-multirow_both,4_2_2,96_96_1_1,18432,96,96,9216,1,1,1x1,one_to_one
0,184997,8107,4,2,4,basic-multirow_both,4_2_4,96_96_1_1,18432,96,96,9216,1,1,1x1,one_to_one
0,119144,10000,4,2,8,basic-multirow_both,4_2_8,96_96_1_1,18432,96,96,9216,1,1,1x1,one_to_one
0,472007,3178,4,4,1,basic-multirow_both,4_4_1,96_96_1_1,18432,96,96,9216,1,1,1x1,one_to_one
0,232403,6454,4,4,2,basic-multirow_both,4_4_2,96_96_1_1,18432,96,96,9216,1,1,1x1,one_to_one
0,199813,7506,4,4,4,basic-multirow_both,4_4_4,96_96_1_1,18432,96,96,9216,1,1,1x1,one_to_one
0,139250,10000,4,4,8,basic-multirow_both,4_4_8,96_96_1_1,18432,96,96,9216,1,1,1x1,one_to_one
0,370410,4050,4,8,1,basic-multirow_both,4_8_1,96_96_1_1,18432,96,96,9216,1,1,1x1,one_to_one
0,304152,4931,4,8,2,basic-multirow_both,4_8_2,96_96_1_1,18432,96,96,9216,1,1,1x1,one_to_one
0,195391,7675,4,8,4,basic-multirow_both,4_8_4,96_96_1_1,18432,96,96,9216,1,1,1x1,one_to_one
0,166597,9000,4,8,8,basic-multirow_both,4_8_8,96_96_1_1,18432,96,96,9216,1,1,1x1,one_to_one
0,231562,6477,8,1,1,basic-multirow_both,8_1_1,96_96_1_1,18432,96,96,9216,1,1,1x1,one_to_one
0,187604,7993,8,1,2,basic-multirow_both,8_1_2,96_96_1_1,18432,96,96,9216,1,1,1x1,one_to_one
0,184061,8149,8,1,4,basic-multirow_both,8_1_4,96_96_1_1,18432,96,96,9216,1,1,1x1,one_to_one
0,187619,7995,8,1,8,basic-multirow_both,8_1_8,96_96_1_1,18432,96,96,9216,1,1,1x1,one_to_one
0,275851,5439,8,2,1,basic-multirow_both,8_2_1,96_96_1_1,18432,96,96,9216,1,1,1x1,one_to_one
0,221334,6777,8,2,2,basic-multirow_both,8_2_2,96_96_1_1,18432,96,96,9216,1,1,1x1,one_to_one
0,212822,7044,8,2,4,basic-multirow_both,8_2_4,96_96_1_1,18432,96,96,9216,1,1,1x1,one_to_one
0,192349,7798,8,2,8,basic-multirow_both,8_2_8,96_96_1_1,18432,96,96,9216,1,1,1x1,one_to_one
0,490204,3060,8,4,1,basic-multirow_both,8_4_1,96_96_1_1,18432,96,96,9216,1,1,1x1,one_to_one
0,280614,5345,8,4,2,basic-multirow_both,8_4_2,96_96_1_1,18432,96,96,9216,1,1,1x1,one_to_one
0,242952,6175,8,4,4,basic-multirow_both,8_4_4,96_96_1_1,18432,96,96,9216,1,1,1x1,one_to_one
0,202255,7417,8,4,8,basic-multirow_both,8_4_8,96_96_1_1,18432,96,96,9216,1,1,1x1,one_to_one
0,529268,2835,8,8,1,basic-multirow_both,8_8_1,96_96_1_1,18432,96,96,9216,1,1,1x1,one_to_one
0,376117,3988,8,8,2,basic-multirow_both,8_8_2,96_96_1_1,18432,96,96,9216,1,1,1x1,one_to_one
0,282326,5313,8,8,4,basic-multirow_both,8_8_4,96_96_1_1,18432,96,96,9216,1,1,1x1,one_to_one
0,246871,6076,8,8,8,basic-multirow_both,8_8_8,96_96_1_1,18432,96,96,9216,1,1,1x1,one_to_one
0,379701,3951,4,1,1,basic-multirow_both,4_1_1,128_128_1_1,32768,128,128,16384,1,1,1x1,one_to_one
0,368527,4070,4,1,2,basic-multirow_both,4_1_2,128_128_1_1,32768,128,128,16384,1,1,1x1,one_to_one
0,370376,4050,4,1,4,basic-multirow_both,4_1_4,128_128_1_1,32768,128,128,16384,1,1,1x1,one_to_one
0,370213,4052,4,1,8,basic-multirow_both,4_1_8,128_128_1_1,32768,128,128,16384,1,1,1x1,one_to_one
0,396227,3786,4,2,1,basic-multirow_both,4_2_1,128_128_1_1,32768,128,128,16384,1,1,1x1,one_to_one
0,287023,5226,4,2,2,basic-multirow_both,4_2_2,128_128_1_1,32768,128,128,16384,1,1,1x1,one_to_one
0,325618,4607,4,2,4,basic-multirow_both,4_2_4,128_128_1_1,32768,128,128,16384,1,1,1x1,one_to_one
0,205320,7307,4,2,8,basic-multirow_both,4_2_8,128_128_1_1,32768,128,128,16384,1,1,1x1,one_to_one
0,838370,1790,4,4,1,basic-multirow_both,4_4_1,128_128_1_1,32768,128,128,16384,1,1,1x1,one_to_one
0,409328,3665,4,4,2,basic-multirow_both,4_4_2,128_128_1_1,32768,128,128,16384,1,1,1x1,one_to_one
0,352320,4258,4,4,4,basic-multirow_both,4_4_4,128_128_1_1,32768,128,128,16384,1,1,1x1,one_to_one
0,242506,6185,4,4,8,basic-multirow_both,4_4_8,128_128_1_1,32768,128,128,16384,1,1,1x1,one_to_one
0,661251,2269,4,8,1,basic-multirow_both,4_8_1,128_128_1_1,32768,128,128,16384,1,1,1x1,one_to_one
0,539153,2782,4,8,2,basic-multirow_both,4_8_2,128_128_1_1,32768,128,128,16384,1,1,1x1,one_to_one
0,340136,4410,4,8,4,basic-multirow_both,4_8_4,128_128_1_1,32768,128,128,16384,1,1,1x1,one_to_one
0,281443,5329,4,8,8,basic-multirow_both,4_8_8,128_128_1_1,32768,128,128,16384,1,1,1x1,one_to_one
0,404793,3706,8,1,1,basic-multirow_both,8_1_1,128_128_1_1,32768,128,128,16384,1,1,1x1,one_to_one
0,329922,4546,8,1,2,basic-multirow_both,8_1_2,128_128_1_1,32768,128,128,16384,1,1,1x1,one_to_one
0,325803,4604,8,1,4,basic-multirow_both,8_1_4,128_128_1_1,32768,128,128,16384,1,1,1x1,one_to_one
0,330966,4533,8,1,8,basic-multirow_both,8_1_8,128_128_1_1,32768,128,128,16384,1,1,1x1,one_to_one
0,485401,3090,8,2,1,basic-multirow_both,8_2_1,128_128_1_1,32768,128,128,16384,1,1,1x1,one_to_one
0,393922,3809,8,2,2,basic-multirow_both,8_2_2,128_128_1_1,32768,128,128,16384,1,1,1x1,one_to_one
0,376918,3979,8,2,4,basic-multirow_both,8_2_4,128_128_1_1,32768,128,128,16384,1,1,1x1,one_to_one
0,341078,4397,8,2,8,basic-multirow_both,8_2_8,128_128_1_1,32768,128,128,16384,1,1,1x1,one_to_one
0,873122,1718,8,4,1,basic-multirow_both,8_4_1,128_128_1_1,32768,128,128,16384,1,1,1x1,one_to_one
0,502294,2987,8,4,2,basic-multirow_both,8_4_2,128_128_1_1,32768,128,128,16384,1,1,1x1,one_to_one
0,433994,3457,8,4,4,basic-multirow_both,8_4_4,128_128_1_1,32768,128,128,16384,1,1,1x1,one_to_one
0,361527,4149,8,4,8,basic-multirow_both,8_4_8,128_128_1_1,32768,128,128,16384,1,1,1x1,one_to_one
0,906925,1655,8,8,1,basic-multirow_both,8_8_1,128_128_1_1,32768,128,128,16384,1,1,1x1,one_to_one
0,648033,2315,8,8,2,basic-multirow_both,8_8_2,128_128_1_1,32768,128,128,16384,1,1,1x1,one_to_one
0,483587,3102,8,8,4,basic-multirow_both,8_8_4,128_128_1_1,32768,128,128,16384,1,1,1x1,one_to_one
0,425673,3524,8,8,8,basic-multirow_both,8_8_8,128_128_1_1,32768,128,128,16384,1,1,1x1,one_to_one
0,791950,1894,4,4,4,basic-multirow_both,4_4_4,192_192_1_1,73728,192,192,36864,1,1,1x1,one_to_one
0,1441554,1041,4,1,1,basic-multirow_both,4_1_1,192_192_1_1,73728,192,192,36864,1,1,1x1,one_to_one
0,1429310,1050,4,1,2,basic-multirow_both,4_1_2,192_192_1_1,73728,192,192,36864,1,1,1x1,one_to_one
0,1389436,1080,4,1,4,basic-multirow_both,4_1_4,192_192_1_1,73728,192,192,36864,1,1,1x1,one_to_one
0,1321047,1136,4,1,8,basic-multirow_both,4_1_8,192_192_1_1,73728,192,192,36864,1,1,1x1,one_to_one
0,1188273,1263,4,2,1,basic-multirow_both,4_2_1,192_192_1_1,73728,192,192,36864,1,1,1x1,one_to_one
0,1023844,1466,4,2,2,basic-multirow_both,4_2_2,192_192_1_1,73728,192,192,36864,1,1,1x1,one_to_one
0,993585,1510,4,2,4,basic-multirow_both,4_2_4,192_192_1_1,73728,192,192,36864,1,1,1x1,one_to_one
0,919919,1631,4,2,8,basic-multirow_both,4_2_8,192_192_1_1,73728,192,192,36864,1,1,1x1,one_to_one
0,1875354,800,4,4,1,basic-multirow_both,4_4_1,192_192_1_1,73728,192,192,36864,1,1,1x1,one_to_one
0,909310,1650,4,4,2,basic-multirow_both,4_4_2,192_192_1_1,73728,192,192,36864,1,1,1x1,one_to_one
0,537338,2791,4,4,8,basic-multirow_both,4_4_8,192_192_1_1,73728,192,192,36864,1,1,1x1,one_to_one
0,1491899,1006,4,8,1,basic-multirow_both,4_8_1,192_192_1_1,73728,192,192,36864,1,1,1x1,one_to_one
0,1224710,1225,4,8,2,basic-multirow_both,4_8_2,192_192_1_1,73728,192,192,36864,1,1,1x1,one_to_one
0,752785,1993,4,8,4,basic-multirow_both,4_8_4,192_192_1_1,73728,192,192,36864,1,1,1x1,one_to_one
0,607200,2471,4,8,8,basic-multirow_both,4_8_8,192_192_1_1,73728,192,192,36864,1,1,1x1,one_to_one
0,1735318,865,8,1,1,basic-multirow_both,8_1_1,192_192_1_1,73728,192,192,36864,1,1,1x1,one_to_one
0,1722223,871,8,1,2,basic-multirow_both,8_1_2,192_192_1_1,73728,192,192,36864,1,1,1x1,one_to_one
0,1685469,890,8,1,4,basic-multirow_both,8_1_4,192_192_1_1,73728,192,192,36864,1,1,1x1,one_to_one
0,1687905,889,8,1,8,basic-multirow_both,8_1_8,192_192_1_1,73728,192,192,36864,1,1,1x1,one_to_one
0,1088134,1379,8,2,1,basic-multirow_both,8_2_1,192_192_1_1,73728,192,192,36864,1,1,1x1,one_to_one
0,890399,1685,8,2,2,basic-multirow_both,8_2_2,192_192_1_1,73728,192,192,36864,1,1,1x1,one_to_one
0,849418,1766,8,2,4,basic-multirow_both,8_2_4,192_192_1_1,73728,192,192,36864,1,1,1x1,one_to_one
0,780044,1923,8,2,8,basic-multirow_both,8_2_8,192_192_1_1,73728,192,192,36864,1,1,1x1,one_to_one
0,1960072,766,8,4,1,basic-multirow_both,8_4_1,192_192_1_1,73728,192,192,36864,1,1,1x1,one_to_one
0,1133215,1324,8,4,2,basic-multirow_both,8_4_2,192_192_1_1,73728,192,192,36864,1,1,1x1,one_to_one
0,985289,1523,8,4,4,basic-multirow_both,8_4_4,192_192_1_1,73728,192,192,36864,1,1,1x1,one_to_one
0,820051,1829,8,4,8,basic-multirow_both,8_4_8,192_192_1_1,73728,192,192,36864,1,1,1x1,one_to_one
0,2162891,694,8,8,1,basic-multirow_both,8_8_1,192_192_1_1,73728,192,192,36864,1,1,1x1,one_to_one
0,1509936,994,8,8,2,basic-multirow_both,8_8_2,192_192_1_1,73728,192,192,36864,1,1,1x1,one_to_one
0,1117172,1343,8,8,4,basic-multirow_both,8_8_4,192_192_1_1,73728,192,192,36864,1,1,1x1,one_to_one
0,958983,1565,8,8,8,basic-multirow_both,8_8_8,192_192_1_1,73728,192,192,36864,1,1,1x1,one_to_one
0,3415521,440,4,1,1,basic-multirow_both,4_1_1,256_256_1_1,131072,256,256,65536,1,1,1x1,one_to_one
0,3527095,426,4,1,2,basic-multirow_both,4_1_2,256_256_1_1,131072,256,256,65536,1,1,1x1,one_to_one
0,3534754,425,4,1,4,basic-multirow_both,4_1_4,256_256_1_1,131072,256,256,65536,1,1,1x1,one_to_one
0,3304752,454,4,1,8,basic-multirow_both,4_1_8,256_256_1_1,131072,256,256,65536,1,1,1x1,one_to_one
0,3131382,480,4,2,1,basic-multirow_both,4_2_1,256_256_1_1,131072,256,256,65536,1,1,1x1,one_to_one
0,2729654,550,4,2,2,basic-multirow_both,4_2_2,256_256_1_1,131072,256,256,65536,1,1,1x1,one_to_one
0,2548885,589,4,2,4,basic-multirow_both,4_2_4,256_256_1_1,131072,256,256,65536,1,1,1x1,one_to_one
0,2452966,612,4,2,8,basic-multirow_both,4_2_8,256_256_1_1,131072,256,256,65536,1,1,1x1,one_to_one
0,3555089,422,4,4,1,basic-multirow_both,4_4_1,256_256_1_1,131072,256,256,65536,1,1,1x1,one_to_one
0,2187135,686,4,4,2,basic-multirow_both,4_4_2,256_256_1_1,131072,256,256,65536,1,1,1x1,one_to_one
0,1870008,803,4,4,4,basic-multirow_both,4_4_4,256_256_1_1,131072,256,256,65536,1,1,1x1,one_to_one
0,1662047,903,4,4,8,basic-multirow_both,4_4_8,256_256_1_1,131072,256,256,65536,1,1,1x1,one_to_one
0,2663342,564,4,8,1,basic-multirow_both,4_8_1,256_256_1_1,131072,256,256,65536,1,1,1x1,one_to_one
0,2184262,687,4,8,2,basic-multirow_both,4_8_2,256_256_1_1,131072,256,256,65536,1,1,1x1,one_to_one
0,1324254,1133,4,8,4,basic-multirow_both,4_8_4,256_256_1_1,131072,256,256,65536,1,1,1x1,one_to_one
0,1053464,1424,4,8,8,basic-multirow_both,4_8_8,256_256_1_1,131072,256,256,65536,1,1,1x1,one_to_one
0,4296962,349,8,1,1,basic-multirow_both,8_1_1,256_256_1_1,131072,256,256,65536,1,1,1x1,one_to_one
0,4272130,352,8,1,2,basic-multirow_both,8_1_2,256_256_1_1,131072,256,256,65536,1,1,1x1,one_to_one
0,3621052,413,8,1,4,basic-multirow_both,8_1_4,256_256_1_1,131072,256,256,65536,1,1,1x1,one_to_one
0,3665772,409,8,1,8,basic-multirow_both,8_1_8,256_256_1_1,131072,256,256,65536,1,1,1x1,one_to_one
0,3773915,398,8,2,1,basic-multirow_both,8_2_1,256_256_1_1,131072,256,256,65536,1,1,1x1,one_to_one
0,3290384,456,8,2,2,basic-multirow_both,8_2_2,256_256_1_1,131072,256,256,65536,1,1,1x1,one_to_one
0,3077258,488,8,2,4,basic-multirow_both,8_2_4,256_256_1_1,131072,256,256,65536,1,1,1x1,one_to_one
0,2952147,509,8,2,8,basic-multirow_both,8_2_8,256_256_1_1,131072,256,256,65536,1,1,1x1,one_to_one
0,3499597,429,8,4,1,basic-multirow_both,8_4_1,256_256_1_1,131072,256,256,65536,1,1,1x1,one_to_one
0,2027889,740,8,4,2,basic-multirow_both,8_4_2,256_256_1_1,131072,256,256,65536,1,1,1x1,one_to_one
0,1756199,855,8,4,4,basic-multirow_both,8_4_4,256_256_1_1,131072,256,256,65536,1,1,1x1,one_to_one
0,1465494,1024,8,4,8,basic-multirow_both,8_4_8,256_256_1_1,131072,256,256,65536,1,1,1x1,one_to_one
0,3971504,378,8,8,1,basic-multirow_both,8_8_1,256_256_1_1,131072,256,256,65536,1,1,1x1,one_to_one
0,2742996,547,8,8,2,basic-multirow_both,8_8_2,256_256_1_1,131072,256,256,65536,1,1,1x1,one_to_one
0,2019179,743,8,8,4,basic-multirow_both,8_8_4,256_256_1_1,131072,256,256,65536,1,1,1x1,one_to_one
0,1710882,877,8,8,8,basic-multirow_both,8_8_8,256_256_1_1,131072,256,256,65536,1,1,1x1,one_to_one
