,Kernel,Kernel_iterations,warps_per_thread_block,shifts_per_thread_right_matrix,right_matrices_per_thread,left_rows_per_iteration,Name,Args,Input size,Input total items,Input matrix rows,Input matrix cols,Input matrix area,Input left matrices,Input right matrices,Input type,Group
0,11855,126529,4,1,1,1,multimat-right-multirow-both,4_1_1_1,16_16_1_2,768,16,16,256,1,2,1x2,one_to_many
0,8917,168200,4,1,1,2,multimat-right-multirow-both,4_1_1_2,16_16_1_2,768,16,16,256,1,2,1x2,one_to_many
0,8984,166931,4,1,1,4,multimat-right-multirow-both,4_1_1_4,16_16_1_2,768,16,16,256,1,2,1x2,one_to_many
0,14404,104145,4,2,1,1,multimat-right-multirow-both,4_1_2_1,16_16_1_2,768,16,16,256,1,2,1x2,one_to_many
0,10164,147564,4,2,1,2,multimat-right-multirow-both,4_1_2_2,16_16_1_2,768,16,16,256,1,2,1x2,one_to_many
0,11615,129173,4,2,1,4,multimat-right-multirow-both,4_1_2_4,16_16_1_2,768,16,16,256,1,2,1x2,one_to_many
0,18752,79990,4,4,1,1,multimat-right-multirow-both,4_1_4_1,16_16_1_2,768,16,16,256,1,2,1x2,one_to_many
0,19524,76829,4,4,1,2,multimat-right-multirow-both,4_1_4_2,16_16_1_2,768,16,16,256,1,2,1x2,one_to_many
0,13282,112930,4,4,1,4,multimat-right-multirow-both,4_1_4_4,16_16_1_2,768,16,16,256,1,2,1x2,one_to_many
0,14430,103923,4,1,2,1,multimat-right-multirow-both,4_2_1_1,16_16_1_2,768,16,16,256,1,2,1x2,one_to_many
0,14686,102137,4,1,2,2,multimat-right-multirow-both,4_2_1_2,16_16_1_2,768,16,16,256,1,2,1x2,one_to_many
0,12958,115754,4,1,2,4,multimat-right-multirow-both,4_2_1_4,16_16_1_2,768,16,16,256,1,2,1x2,one_to_many
0,16952,88491,4,2,2,1,multimat-right-multirow-both,4_2_2_1,16_16_1_2,768,16,16,256,1,2,1x2,one_to_many
0,17961,83510,4,2,2,2,multimat-right-multirow-both,4_2_2_2,16_16_1_2,768,16,16,256,1,2,1x2,one_to_many
0,13937,107602,4,2,2,4,multimat-right-multirow-both,4_2_2_4,16_16_1_2,768,16,16,256,1,2,1x2,one_to_many
0,21242,70602,4,4,2,1,multimat-right-multirow-both,4_2_4_1,16_16_1_2,768,16,16,256,1,2,1x2,one_to_many
0,33081,45344,4,4,2,2,multimat-right-multirow-both,4_2_4_2,16_16_1_2,768,16,16,256,1,2,1x2,one_to_many
0,14657,102365,4,4,2,4,multimat-right-multirow-both,4_2_4_4,16_16_1_2,768,16,16,256,1,2,1x2,one_to_many
0,14054,106730,4,1,4,1,multimat-right-multirow-both,4_4_1_1,16_16_1_2,768,16,16,256,1,2,1x2,one_to_many
0,11907,126009,4,1,4,2,multimat-right-multirow-both,4_4_1_2,16_16_1_2,768,16,16,256,1,2,1x2,one_to_many
0,12039,124612,4,1,4,4,multimat-right-multirow-both,4_4_1_4,16_16_1_2,768,16,16,256,1,2,1x2,one_to_many
0,16673,89966,4,2,4,1,multimat-right-multirow-both,4_4_2_1,16_16_1_2,768,16,16,256,1,2,1x2,one_to_many
0,12944,115865,4,2,4,2,multimat-right-multirow-both,4_4_2_2,16_16_1_2,768,16,16,256,1,2,1x2,one_to_many
0,12347,121482,4,2,4,4,multimat-right-multirow-both,4_4_2_4,16_16_1_2,768,16,16,256,1,2,1x2,one_to_many
0,19065,78681,4,4,4,1,multimat-right-multirow-both,4_4_4_1,16_16_1_2,768,16,16,256,1,2,1x2,one_to_many
0,17647,84996,4,4,4,2,multimat-right-multirow-both,4_4_4_2,16_16_1_2,768,16,16,256,1,2,1x2,one_to_many
0,14841,101075,4,4,4,4,multimat-right-multirow-both,4_4_4_4,16_16_1_2,768,16,16,256,1,2,1x2,one_to_many
0,13213,113523,8,1,1,1,multimat-right-multirow-both,8_1_1_1,16_16_1_2,768,16,16,256,1,2,1x2,one_to_many
0,11411,131459,8,1,1,2,multimat-right-multirow-both,8_1_1_2,16_16_1_2,768,16,16,256,1,2,1x2,one_to_many
0,11393,131639,8,1,1,4,multimat-right-multirow-both,8_1_1_4,16_16_1_2,768,16,16,256,1,2,1x2,one_to_many
0,14940,100466,8,2,1,1,multimat-right-multirow-both,8_1_2_1,16_16_1_2,768,16,16,256,1,2,1x2,one_to_many
0,11074,135479,8,2,1,2,multimat-right-multirow-both,8_1_2_2,16_16_1_2,768,16,16,256,1,2,1x2,one_to_many
0,12352,121398,8,2,1,4,multimat-right-multirow-both,8_1_2_4,16_16_1_2,768,16,16,256,1,2,1x2,one_to_many
0,18751,79997,8,4,1,1,multimat-right-multirow-both,8_1_4_1,16_16_1_2,768,16,16,256,1,2,1x2,one_to_many
0,19321,77648,8,4,1,2,multimat-right-multirow-both,8_1_4_2,16_16_1_2,768,16,16,256,1,2,1x2,one_to_many
0,13588,110402,8,4,1,4,multimat-right-multirow-both,8_1_4_4,16_16_1_2,768,16,16,256,1,2,1x2,one_to_many
0,16491,90964,8,1,2,1,multimat-right-multirow-both,8_2_1_1,16_16_1_2,768,16,16,256,1,2,1x2,one_to_many
0,16097,93174,8,1,2,2,multimat-right-multirow-both,8_2_1_2,16_16_1_2,768,16,16,256,1,2,1x2,one_to_many
0,14686,102130,8,1,2,4,multimat-right-multirow-both,8_2_1_4,16_16_1_2,768,16,16,256,1,2,1x2,one_to_many
0,17654,84957,8,2,2,1,multimat-right-multirow-both,8_2_2_1,16_16_1_2,768,16,16,256,1,2,1x2,one_to_many
0,18602,80630,8,2,2,2,multimat-right-multirow-both,8_2_2_2,16_16_1_2,768,16,16,256,1,2,1x2,one_to_many
0,15151,98988,8,2,2,4,multimat-right-multirow-both,8_2_2_4,16_16_1_2,768,16,16,256,1,2,1x2,one_to_many
0,23672,63370,8,4,2,1,multimat-right-multirow-both,8_2_4_1,16_16_1_2,768,16,16,256,1,2,1x2,one_to_many
0,33472,44818,8,4,2,2,multimat-right-multirow-both,8_2_4_2,16_16_1_2,768,16,16,256,1,2,1x2,one_to_many
0,16900,88766,8,4,2,4,multimat-right-multirow-both,8_2_4_4,16_16_1_2,768,16,16,256,1,2,1x2,one_to_many
0,15771,95114,8,1,4,1,multimat-right-multirow-both,8_4_1_1,16_16_1_2,768,16,16,256,1,2,1x2,one_to_many
0,14371,104388,8,1,4,2,multimat-right-multirow-both,8_4_1_2,16_16_1_2,768,16,16,256,1,2,1x2,one_to_many
0,14472,103672,8,1,4,4,multimat-right-multirow-both,8_4_1_4,16_16_1_2,768,16,16,256,1,2,1x2,one_to_many
0,17441,86009,8,2,4,1,multimat-right-multirow-both,8_4_2_1,16_16_1_2,768,16,16,256,1,2,1x2,one_to_many
0,14720,101893,8,2,4,2,multimat-right-multirow-both,8_4_2_2,16_16_1_2,768,16,16,256,1,2,1x2,one_to_many
0,14079,106540,8,2,4,4,multimat-right-multirow-both,8_4_2_4,16_16_1_2,768,16,16,256,1,2,1x2,one_to_many
0,22086,67920,8,4,4,1,multimat-right-multirow-both,8_4_4_1,16_16_1_2,768,16,16,256,1,2,1x2,one_to_many
0,19426,77222,8,4,4,2,multimat-right-multirow-both,8_4_4_2,16_16_1_2,768,16,16,256,1,2,1x2,one_to_many
0,17280,86812,8,4,4,4,multimat-right-multirow-both,8_4_4_4,16_16_1_2,768,16,16,256,1,2,1x2,one_to_many
0,11850,126576,4,1,1,1,multimat-right-multirow-both,4_1_1_1,16_16_1_8,2304,16,16,256,1,8,1x8,one_to_many
0,8930,167954,4,1,1,2,multimat-right-multirow-both,4_1_1_2,16_16_1_8,2304,16,16,256,1,8,1x8,one_to_many
0,9098,164884,4,1,1,4,multimat-right-multirow-both,4_1_1_4,16_16_1_8,2304,16,16,256,1,8,1x8,one_to_many
0,14417,104036,4,2,1,1,multimat-right-multirow-both,4_1_2_1,16_16_1_8,2304,16,16,256,1,8,1x8,one_to_many
0,10252,146329,4,2,1,2,multimat-right-multirow-both,4_1_2_2,16_16_1_8,2304,16,16,256,1,8,1x8,one_to_many
0,11650,128751,4,2,1,4,multimat-right-multirow-both,4_1_2_4,16_16_1_8,2304,16,16,256,1,8,1x8,one_to_many
0,18668,80364,4,4,1,1,multimat-right-multirow-both,4_1_4_1,16_16_1_8,2304,16,16,256,1,8,1x8,one_to_many
0,19608,76494,4,4,1,2,multimat-right-multirow-both,4_1_4_2,16_16_1_8,2304,16,16,256,1,8,1x8,one_to_many
0,13187,113814,4,4,1,4,multimat-right-multirow-both,4_1_4_4,16_16_1_8,2304,16,16,256,1,8,1x8,one_to_many
0,14378,104319,4,1,2,1,multimat-right-multirow-both,4_2_1_1,16_16_1_8,2304,16,16,256,1,8,1x8,one_to_many
0,14701,102024,4,1,2,2,multimat-right-multirow-both,4_2_1_2,16_16_1_8,2304,16,16,256,1,8,1x8,one_to_many
0,12970,115649,4,1,2,4,multimat-right-multirow-both,4_2_1_4,16_16_1_8,2304,16,16,256,1,8,1x8,one_to_many
0,16934,88577,4,2,2,1,multimat-right-multirow-both,4_2_2_1,16_16_1_8,2304,16,16,256,1,8,1x8,one_to_many
0,17977,83439,4,2,2,2,multimat-right-multirow-both,4_2_2_2,16_16_1_8,2304,16,16,256,1,8,1x8,one_to_many
0,13975,107324,4,2,2,4,multimat-right-multirow-both,4_2_2_4,16_16_1_8,2304,16,16,256,1,8,1x8,one_to_many
0,21373,70182,4,4,2,1,multimat-right-multirow-both,4_2_4_1,16_16_1_8,2304,16,16,256,1,8,1x8,one_to_many
0,33112,45302,4,4,2,2,multimat-right-multirow-both,4_2_4_2,16_16_1_8,2304,16,16,256,1,8,1x8,one_to_many
0,14561,103023,4,4,2,4,multimat-right-multirow-both,4_2_4_4,16_16_1_8,2304,16,16,256,1,8,1x8,one_to_many
0,15573,96339,4,1,4,1,multimat-right-multirow-both,4_4_1_1,16_16_1_8,2304,16,16,256,1,8,1x8,one_to_many
0,16986,88308,4,1,4,2,multimat-right-multirow-both,4_4_1_2,16_16_1_8,2304,16,16,256,1,8,1x8,one_to_many
0,14407,104111,4,1,4,4,multimat-right-multirow-both,4_4_1_4,16_16_1_8,2304,16,16,256,1,8,1x8,one_to_many
0,41066,36527,4,2,4,1,multimat-right-multirow-both,4_4_2_1,16_16_1_8,2304,16,16,256,1,8,1x8,one_to_many
0,41410,36224,4,2,4,2,multimat-right-multirow-both,4_4_2_2,16_16_1_8,2304,16,16,256,1,8,1x8,one_to_many
0,25625,58536,4,2,4,4,multimat-right-multirow-both,4_4_2_4,16_16_1_8,2304,16,16,256,1,8,1x8,one_to_many
0,31633,47416,4,4,4,1,multimat-right-multirow-both,4_4_4_1,16_16_1_8,2304,16,16,256,1,8,1x8,one_to_many
0,25087,59791,4,4,4,2,multimat-right-multirow-both,4_4_4_2,16_16_1_8,2304,16,16,256,1,8,1x8,one_to_many
0,21537,69646,4,4,4,4,multimat-right-multirow-both,4_4_4_4,16_16_1_8,2304,16,16,256,1,8,1x8,one_to_many
0,13235,113330,8,1,1,1,multimat-right-multirow-both,8_1_1_1,16_16_1_8,2304,16,16,256,1,8,1x8,one_to_many
0,11431,131224,8,1,1,2,multimat-right-multirow-both,8_1_1_2,16_16_1_8,2304,16,16,256,1,8,1x8,one_to_many
0,11383,131774,8,1,1,4,multimat-right-multirow-both,8_1_1_4,16_16_1_8,2304,16,16,256,1,8,1x8,one_to_many
0,15035,99772,8,2,1,1,multimat-right-multirow-both,8_1_2_1,16_16_1_8,2304,16,16,256,1,8,1x8,one_to_many
0,11099,135162,8,2,1,2,multimat-right-multirow-both,8_1_2_2,16_16_1_8,2304,16,16,256,1,8,1x8,one_to_many
0,12453,120469,8,2,1,4,multimat-right-multirow-both,8_1_2_4,16_16_1_8,2304,16,16,256,1,8,1x8,one_to_many
0,18811,79734,8,4,1,1,multimat-right-multirow-both,8_1_4_1,16_16_1_8,2304,16,16,256,1,8,1x8,one_to_many
0,19333,77590,8,4,1,2,multimat-right-multirow-both,8_1_4_2,16_16_1_8,2304,16,16,256,1,8,1x8,one_to_many
0,13653,109874,8,4,1,4,multimat-right-multirow-both,8_1_4_4,16_16_1_8,2304,16,16,256,1,8,1x8,one_to_many
0,16484,90990,8,1,2,1,multimat-right-multirow-both,8_2_1_1,16_16_1_8,2304,16,16,256,1,8,1x8,one_to_many
0,16056,93424,8,1,2,2,multimat-right-multirow-both,8_2_1_2,16_16_1_8,2304,16,16,256,1,8,1x8,one_to_many
0,14696,102060,8,1,2,4,multimat-right-multirow-both,8_2_1_4,16_16_1_8,2304,16,16,256,1,8,1x8,one_to_many
0,17816,84183,8,2,2,1,multimat-right-multirow-both,8_2_2_1,16_16_1_8,2304,16,16,256,1,8,1x8,one_to_many
0,18720,80124,8,2,2,2,multimat-right-multirow-both,8_2_2_2,16_16_1_8,2304,16,16,256,1,8,1x8,one_to_many
0,15302,98019,8,2,2,4,multimat-right-multirow-both,8_2_2_4,16_16_1_8,2304,16,16,256,1,8,1x8,one_to_many
0,23776,63091,8,4,2,1,multimat-right-multirow-both,8_2_4_1,16_16_1_8,2304,16,16,256,1,8,1x8,one_to_many
0,33557,44701,8,4,2,2,multimat-right-multirow-both,8_2_4_2,16_16_1_8,2304,16,16,256,1,8,1x8,one_to_many
0,17044,88014,8,4,2,4,multimat-right-multirow-both,8_2_4_4,16_16_1_8,2304,16,16,256,1,8,1x8,one_to_many
0,20114,74550,8,1,4,1,multimat-right-multirow-both,8_4_1_1,16_16_1_8,2304,16,16,256,1,8,1x8,one_to_many
0,20563,72947,8,1,4,2,multimat-right-multirow-both,8_4_1_2,16_16_1_8,2304,16,16,256,1,8,1x8,one_to_many
0,19625,76437,8,1,4,4,multimat-right-multirow-both,8_4_1_4,16_16_1_8,2304,16,16,256,1,8,1x8,one_to_many
0,41781,35902,8,2,4,1,multimat-right-multirow-both,8_4_2_1,16_16_1_8,2304,16,16,256,1,8,1x8,one_to_many
0,41565,36088,8,2,4,2,multimat-right-multirow-both,8_4_2_2,16_16_1_8,2304,16,16,256,1,8,1x8,one_to_many
0,26614,56361,8,2,4,4,multimat-right-multirow-both,8_4_2_4,16_16_1_8,2304,16,16,256,1,8,1x8,one_to_many
0,37258,40260,8,4,4,1,multimat-right-multirow-both,8_4_4_1,16_16_1_8,2304,16,16,256,1,8,1x8,one_to_many
0,29526,50808,8,4,4,2,multimat-right-multirow-both,8_4_4_2,16_16_1_8,2304,16,16,256,1,8,1x8,one_to_many
0,27271,55010,8,4,4,4,multimat-right-multirow-both,8_4_4_4,16_16_1_8,2304,16,16,256,1,8,1x8,one_to_many
0,24643,60873,4,1,1,1,multimat-right-multirow-both,4_1_1_1,32_32_1_2,3072,32,32,1024,1,2,1x2,one_to_many
0,17689,84801,4,1,1,2,multimat-right-multirow-both,4_1_1_2,32_32_1_2,3072,32,32,1024,1,2,1x2,one_to_many
0,16297,92040,4,1,1,4,multimat-right-multirow-both,4_1_1_4,32_32_1_2,3072,32,32,1024,1,2,1x2,one_to_many
0,31196,48089,4,2,1,1,multimat-right-multirow-both,4_1_2_1,32_32_1_2,3072,32,32,1024,1,2,1x2,one_to_many
0,20664,72592,4,2,1,2,multimat-right-multirow-both,4_1_2_2,32_32_1_2,3072,32,32,1024,1,2,1x2,one_to_many
0,22497,66685,4,2,1,4,multimat-right-multirow-both,4_1_2_4,32_32_1_2,3072,32,32,1024,1,2,1x2,one_to_many
0,39511,37964,4,4,1,1,multimat-right-multirow-both,4_1_4_1,32_32_1_2,3072,32,32,1024,1,2,1x2,one_to_many
0,41088,36508,4,4,1,2,multimat-right-multirow-both,4_1_4_2,32_32_1_2,3072,32,32,1024,1,2,1x2,one_to_many
0,25297,59294,4,4,1,4,multimat-right-multirow-both,4_1_4_4,32_32_1_2,3072,32,32,1024,1,2,1x2,one_to_many
0,31141,48167,4,1,2,1,multimat-right-multirow-both,4_2_1_1,32_32_1_2,3072,32,32,1024,1,2,1x2,one_to_many
0,29585,50702,4,1,2,2,multimat-right-multirow-both,4_2_1_2,32_32_1_2,3072,32,32,1024,1,2,1x2,one_to_many
0,25234,59446,4,1,2,4,multimat-right-multirow-both,4_2_1_4,32_32_1_2,3072,32,32,1024,1,2,1x2,one_to_many
0,35883,41804,4,2,2,1,multimat-right-multirow-both,4_2_2_1,32_32_1_2,3072,32,32,1024,1,2,1x2,one_to_many
0,36152,41492,4,2,2,2,multimat-right-multirow-both,4_2_2_2,32_32_1_2,3072,32,32,1024,1,2,1x2,one_to_many
0,27825,53908,4,2,2,4,multimat-right-multirow-both,4_2_2_4,32_32_1_2,3072,32,32,1024,1,2,1x2,one_to_many
0,48828,30721,4,4,2,1,multimat-right-multirow-both,4_2_4_1,32_32_1_2,3072,32,32,1024,1,2,1x2,one_to_many
0,72123,20799,4,4,2,2,multimat-right-multirow-both,4_2_4_2,32_32_1_2,3072,32,32,1024,1,2,1x2,one_to_many
0,26645,56304,4,4,2,4,multimat-right-multirow-both,4_2_4_4,32_32_1_2,3072,32,32,1024,1,2,1x2,one_to_many
0,30262,49579,4,1,4,1,multimat-right-multirow-both,4_4_1_1,32_32_1_2,3072,32,32,1024,1,2,1x2,one_to_many
0,25140,59665,4,1,4,2,multimat-right-multirow-both,4_4_1_2,32_32_1_2,3072,32,32,1024,1,2,1x2,one_to_many
0,22871,65586,4,1,4,4,multimat-right-multirow-both,4_4_1_4,32_32_1_2,3072,32,32,1024,1,2,1x2,one_to_many
0,36031,41631,4,2,4,1,multimat-right-multirow-both,4_4_2_1,32_32_1_2,3072,32,32,1024,1,2,1x2,one_to_many
0,26246,57152,4,2,4,2,multimat-right-multirow-both,4_4_2_2,32_32_1_2,3072,32,32,1024,1,2,1x2,one_to_many
0,23945,62642,4,2,4,4,multimat-right-multirow-both,4_4_2_4,32_32_1_2,3072,32,32,1024,1,2,1x2,one_to_many
0,45065,33286,4,4,4,1,multimat-right-multirow-both,4_4_4_1,32_32_1_2,3072,32,32,1024,1,2,1x2,one_to_many
0,37556,39940,4,4,4,2,multimat-right-multirow-both,4_4_4_2,32_32_1_2,3072,32,32,1024,1,2,1x2,one_to_many
0,26576,56445,4,4,4,4,multimat-right-multirow-both,4_4_4_4,32_32_1_2,3072,32,32,1024,1,2,1x2,one_to_many
0,29511,50823,8,1,1,1,multimat-right-multirow-both,8_1_1_1,32_32_1_2,3072,32,32,1024,1,2,1x2,one_to_many
0,23998,62506,8,1,1,2,multimat-right-multirow-both,8_1_1_2,32_32_1_2,3072,32,32,1024,1,2,1x2,one_to_many
0,22804,65771,8,1,1,4,multimat-right-multirow-both,8_1_1_4,32_32_1_2,3072,32,32,1024,1,2,1x2,one_to_many
0,35025,42828,8,2,1,1,multimat-right-multirow-both,8_1_2_1,32_32_1_2,3072,32,32,1024,1,2,1x2,one_to_many
0,24953,60116,8,2,1,2,multimat-right-multirow-both,8_1_2_2,32_32_1_2,3072,32,32,1024,1,2,1x2,one_to_many
0,25338,59205,8,2,1,4,multimat-right-multirow-both,8_1_2_4,32_32_1_2,3072,32,32,1024,1,2,1x2,one_to_many
0,40241,37278,8,4,1,1,multimat-right-multirow-both,8_1_4_1,32_32_1_2,3072,32,32,1024,1,2,1x2,one_to_many
0,41681,35991,8,4,1,2,multimat-right-multirow-both,8_1_4_2,32_32_1_2,3072,32,32,1024,1,2,1x2,one_to_many
0,26902,55759,8,4,1,4,multimat-right-multirow-both,8_1_4_4,32_32_1_2,3072,32,32,1024,1,2,1x2,one_to_many
0,36128,41519,8,1,2,1,multimat-right-multirow-both,8_2_1_1,32_32_1_2,3072,32,32,1024,1,2,1x2,one_to_many
0,33234,45134,8,1,2,2,multimat-right-multirow-both,8_2_1_2,32_32_1_2,3072,32,32,1024,1,2,1x2,one_to_many
0,29750,50423,8,1,2,4,multimat-right-multirow-both,8_2_1_4,32_32_1_2,3072,32,32,1024,1,2,1x2,one_to_many
0,43647,34369,8,2,2,1,multimat-right-multirow-both,8_2_2_1,32_32_1_2,3072,32,32,1024,1,2,1x2,one_to_many
0,41886,35811,8,2,2,2,multimat-right-multirow-both,8_2_2_2,32_32_1_2,3072,32,32,1024,1,2,1x2,one_to_many
0,32779,45762,8,2,2,4,multimat-right-multirow-both,8_2_2_4,32_32_1_2,3072,32,32,1024,1,2,1x2,one_to_many
0,50823,29521,8,4,2,1,multimat-right-multirow-both,8_2_4_1,32_32_1_2,3072,32,32,1024,1,2,1x2,one_to_many
0,71546,20967,8,4,2,2,multimat-right-multirow-both,8_2_4_2,32_32_1_2,3072,32,32,1024,1,2,1x2,one_to_many
0,32438,46244,8,4,2,4,multimat-right-multirow-both,8_2_4_4,32_32_1_2,3072,32,32,1024,1,2,1x2,one_to_many
0,34638,43310,8,1,4,1,multimat-right-multirow-both,8_4_1_1,32_32_1_2,3072,32,32,1024,1,2,1x2,one_to_many
0,29654,50582,8,1,4,2,multimat-right-multirow-both,8_4_1_2,32_32_1_2,3072,32,32,1024,1,2,1x2,one_to_many
0,29607,50666,8,1,4,4,multimat-right-multirow-both,8_4_1_4,32_32_1_2,3072,32,32,1024,1,2,1x2,one_to_many
0,43242,34687,8,2,4,1,multimat-right-multirow-both,8_4_2_1,32_32_1_2,3072,32,32,1024,1,2,1x2,one_to_many
0,33725,44474,8,2,4,2,multimat-right-multirow-both,8_4_2_2,32_32_1_2,3072,32,32,1024,1,2,1x2,one_to_many
0,31130,48183,8,2,4,4,multimat-right-multirow-both,8_4_2_4,32_32_1_2,3072,32,32,1024,1,2,1x2,one_to_many
0,47831,31366,8,4,4,1,multimat-right-multirow-both,8_4_4_1,32_32_1_2,3072,32,32,1024,1,2,1x2,one_to_many
0,40359,37166,8,4,4,2,multimat-right-multirow-both,8_4_4_2,32_32_1_2,3072,32,32,1024,1,2,1x2,one_to_many
0,32467,46200,8,4,4,4,multimat-right-multirow-both,8_4_4_4,32_32_1_2,3072,32,32,1024,1,2,1x2,one_to_many
0,12088,124075,4,1,1,1,multimat-right-multirow-both,4_1_1_1,16_16_1_32,8448,16,16,256,1,32,1x32,one_to_many
0,9240,162319,4,1,1,2,multimat-right-multirow-both,4_1_1_2,16_16_1_32,8448,16,16,256,1,32,1x32,one_to_many
0,9416,159245,4,1,1,4,multimat-right-multirow-both,4_1_1_4,16_16_1_32,8448,16,16,256,1,32,1x32,one_to_many
0,14593,102785,4,2,1,1,multimat-right-multirow-both,4_1_2_1,16_16_1_32,8448,16,16,256,1,32,1x32,one_to_many
0,10339,145101,4,2,1,2,multimat-right-multirow-both,4_1_2_2,16_16_1_32,8448,16,16,256,1,32,1x32,one_to_many
0,11837,126785,4,2,1,4,multimat-right-multirow-both,4_1_2_4,16_16_1_32,8448,16,16,256,1,32,1x32,one_to_many
0,18896,79382,4,4,1,1,multimat-right-multirow-both,4_1_4_1,16_16_1_32,8448,16,16,256,1,32,1x32,one_to_many
0,19689,76187,4,4,1,2,multimat-right-multirow-both,4_1_4_2,16_16_1_32,8448,16,16,256,1,32,1x32,one_to_many
0,13348,112373,4,4,1,4,multimat-right-multirow-both,4_1_4_4,16_16_1_32,8448,16,16,256,1,32,1x32,one_to_many
0,14458,103744,4,1,2,1,multimat-right-multirow-both,4_2_1_1,16_16_1_32,8448,16,16,256,1,32,1x32,one_to_many
0,14776,101515,4,1,2,2,multimat-right-multirow-both,4_2_1_2,16_16_1_32,8448,16,16,256,1,32,1x32,one_to_many
0,13188,113734,4,1,2,4,multimat-right-multirow-both,4_2_1_4,16_16_1_32,8448,16,16,256,1,32,1x32,one_to_many
0,16988,88285,4,2,2,1,multimat-right-multirow-both,4_2_2_1,16_16_1_32,8448,16,16,256,1,32,1x32,one_to_many
0,18068,83027,4,2,2,2,multimat-right-multirow-both,4_2_2_2,16_16_1_32,8448,16,16,256,1,32,1x32,one_to_many
0,14103,106436,4,2,2,4,multimat-right-multirow-both,4_2_2_4,16_16_1_32,8448,16,16,256,1,32,1x32,one_to_many
0,21432,69987,4,4,2,1,multimat-right-multirow-both,4_2_4_1,16_16_1_32,8448,16,16,256,1,32,1x32,one_to_many
0,33166,45228,4,4,2,2,multimat-right-multirow-both,4_2_4_2,16_16_1_32,8448,16,16,256,1,32,1x32,one_to_many
0,14672,102241,4,4,2,4,multimat-right-multirow-both,4_2_4_4,16_16_1_32,8448,16,16,256,1,32,1x32,one_to_many
0,15623,96026,4,1,4,1,multimat-right-multirow-both,4_4_1_1,16_16_1_32,8448,16,16,256,1,32,1x32,one_to_many
0,17246,86989,4,1,4,2,multimat-right-multirow-both,4_4_1_2,16_16_1_32,8448,16,16,256,1,32,1x32,one_to_many
0,14470,103660,4,1,4,4,multimat-right-multirow-both,4_4_1_4,16_16_1_32,8448,16,16,256,1,32,1x32,one_to_many
0,41109,36491,4,2,4,1,multimat-right-multirow-both,4_4_2_1,16_16_1_32,8448,16,16,256,1,32,1x32,one_to_many
0,41408,36226,4,2,4,2,multimat-right-multirow-both,4_4_2_2,16_16_1_32,8448,16,16,256,1,32,1x32,one_to_many
0,25704,58355,4,2,4,4,multimat-right-multirow-both,4_4_2_4,16_16_1_32,8448,16,16,256,1,32,1x32,one_to_many
0,31764,47215,4,4,4,1,multimat-right-multirow-both,4_4_4_1,16_16_1_32,8448,16,16,256,1,32,1x32,one_to_many
0,25226,59483,4,4,4,2,multimat-right-multirow-both,4_4_4_2,16_16_1_32,8448,16,16,256,1,32,1x32,one_to_many
0,21668,69226,4,4,4,4,multimat-right-multirow-both,4_4_4_4,16_16_1_32,8448,16,16,256,1,32,1x32,one_to_many
0,13343,112412,8,1,1,1,multimat-right-multirow-both,8_1_1_1,16_16_1_32,8448,16,16,256,1,32,1x32,one_to_many
0,11617,129116,8,1,1,2,multimat-right-multirow-both,8_1_1_2,16_16_1_32,8448,16,16,256,1,32,1x32,one_to_many
0,11632,128945,8,1,1,4,multimat-right-multirow-both,8_1_1_4,16_16_1_32,8448,16,16,256,1,32,1x32,one_to_many
0,15113,99182,8,2,1,1,multimat-right-multirow-both,8_1_2_1,16_16_1_32,8448,16,16,256,1,32,1x32,one_to_many
0,11170,134351,8,2,1,2,multimat-right-multirow-both,8_1_2_2,16_16_1_32,8448,16,16,256,1,32,1x32,one_to_many
0,12556,119466,8,2,1,4,multimat-right-multirow-both,8_1_2_4,16_16_1_32,8448,16,16,256,1,32,1x32,one_to_many
0,18895,79388,8,4,1,1,multimat-right-multirow-both,8_1_4_1,16_16_1_32,8448,16,16,256,1,32,1x32,one_to_many
0,19383,77395,8,4,1,2,multimat-right-multirow-both,8_1_4_2,16_16_1_32,8448,16,16,256,1,32,1x32,one_to_many
0,13691,109577,8,4,1,4,multimat-right-multirow-both,8_1_4_4,16_16_1_32,8448,16,16,256,1,32,1x32,one_to_many
0,16584,90448,8,1,2,1,multimat-right-multirow-both,8_2_1_1,16_16_1_32,8448,16,16,256,1,32,1x32,one_to_many
0,16169,92774,8,1,2,2,multimat-right-multirow-both,8_2_1_2,16_16_1_32,8448,16,16,256,1,32,1x32,one_to_many
0,14800,101355,8,1,2,4,multimat-right-multirow-both,8_2_1_4,16_16_1_32,8448,16,16,256,1,32,1x32,one_to_many
0,17935,83645,8,2,2,1,multimat-right-multirow-both,8_2_2_1,16_16_1_32,8448,16,16,256,1,32,1x32,one_to_many
0,18761,79950,8,2,2,2,multimat-right-multirow-both,8_2_2_2,16_16_1_32,8448,16,16,256,1,32,1x32,one_to_many
0,15376,97549,8,2,2,4,multimat-right-multirow-both,8_2_2_4,16_16_1_32,8448,16,16,256,1,32,1x32,one_to_many
0,23864,62860,8,4,2,1,multimat-right-multirow-both,8_2_4_1,16_16_1_32,8448,16,16,256,1,32,1x32,one_to_many
0,33638,44592,8,4,2,2,multimat-right-multirow-both,8_2_4_2,16_16_1_32,8448,16,16,256,1,32,1x32,one_to_many
0,17139,87517,8,4,2,4,multimat-right-multirow-both,8_2_4_4,16_16_1_32,8448,16,16,256,1,32,1x32,one_to_many
0,20186,74320,8,1,4,1,multimat-right-multirow-both,8_4_1_1,16_16_1_32,8448,16,16,256,1,32,1x32,one_to_many
0,20878,71849,8,1,4,2,multimat-right-multirow-both,8_4_1_2,16_16_1_32,8448,16,16,256,1,32,1x32,one_to_many
0,19686,76200,8,1,4,4,multimat-right-multirow-both,8_4_1_4,16_16_1_32,8448,16,16,256,1,32,1x32,one_to_many
0,41910,35790,8,2,4,1,multimat-right-multirow-both,8_4_2_1,16_16_1_32,8448,16,16,256,1,32,1x32,one_to_many
0,41721,35953,8,2,4,2,multimat-right-multirow-both,8_4_2_2,16_16_1_32,8448,16,16,256,1,32,1x32,one_to_many
0,26718,56141,8,2,4,4,multimat-right-multirow-both,8_4_2_4,16_16_1_32,8448,16,16,256,1,32,1x32,one_to_many
0,37470,40033,8,4,4,1,multimat-right-multirow-both,8_4_4_1,16_16_1_32,8448,16,16,256,1,32,1x32,one_to_many
0,29666,50563,8,4,4,2,multimat-right-multirow-both,8_4_4_2,16_16_1_32,8448,16,16,256,1,32,1x32,one_to_many
0,27402,54747,8,4,4,4,multimat-right-multirow-both,8_4_4_4,16_16_1_32,8448,16,16,256,1,32,1x32,one_to_many
0,25857,58010,4,1,1,1,multimat-right-multirow-both,4_1_1_1,32_32_1_8,9216,32,32,1024,1,8,1x8,one_to_many
0,18582,80725,4,1,1,2,multimat-right-multirow-both,4_1_1_2,32_32_1_8,9216,32,32,1024,1,8,1x8,one_to_many
0,16883,88844,4,1,1,4,multimat-right-multirow-both,4_1_1_4,32_32_1_8,9216,32,32,1024,1,8,1x8,one_to_many
0,31253,48001,4,2,1,1,multimat-right-multirow-both,4_1_2_1,32_32_1_8,9216,32,32,1024,1,8,1x8,one_to_many
0,20728,72368,4,2,1,2,multimat-right-multirow-both,4_1_2_2,32_32_1_8,9216,32,32,1024,1,8,1x8,one_to_many
0,22628,66302,4,2,1,4,multimat-right-multirow-both,4_1_2_4,32_32_1_8,9216,32,32,1024,1,8,1x8,one_to_many
0,39633,37848,4,4,1,1,multimat-right-multirow-both,4_1_4_1,32_32_1_8,9216,32,32,1024,1,8,1x8,one_to_many
0,41178,36427,4,4,1,2,multimat-right-multirow-both,4_1_4_2,32_32_1_8,9216,32,32,1024,1,8,1x8,one_to_many
0,25305,59281,4,4,1,4,multimat-right-multirow-both,4_1_4_4,32_32_1_8,9216,32,32,1024,1,8,1x8,one_to_many
0,31013,48366,4,1,2,1,multimat-right-multirow-both,4_2_1_1,32_32_1_8,9216,32,32,1024,1,8,1x8,one_to_many
0,29635,50607,4,1,2,2,multimat-right-multirow-both,4_2_1_2,32_32_1_8,9216,32,32,1024,1,8,1x8,one_to_many
0,25273,59352,4,1,2,4,multimat-right-multirow-both,4_2_1_4,32_32_1_8,9216,32,32,1024,1,8,1x8,one_to_many
0,36438,41166,4,2,2,1,multimat-right-multirow-both,4_2_2_1,32_32_1_8,9216,32,32,1024,1,8,1x8,one_to_many
0,36436,41169,4,2,2,2,multimat-right-multirow-both,4_2_2_2,32_32_1_8,9216,32,32,1024,1,8,1x8,one_to_many
0,28026,53521,4,2,2,4,multimat-right-multirow-both,4_2_2_4,32_32_1_8,9216,32,32,1024,1,8,1x8,one_to_many
0,48575,30889,4,4,2,1,multimat-right-multirow-both,4_2_4_1,32_32_1_8,9216,32,32,1024,1,8,1x8,one_to_many
0,71927,20855,4,4,2,2,multimat-right-multirow-both,4_2_4_2,32_32_1_8,9216,32,32,1024,1,8,1x8,one_to_many
0,26668,56244,4,4,2,4,multimat-right-multirow-both,4_2_4_4,32_32_1_8,9216,32,32,1024,1,8,1x8,one_to_many
0,33464,44830,4,1,4,1,multimat-right-multirow-both,4_4_1_1,32_32_1_8,9216,32,32,1024,1,8,1x8,one_to_many
0,34986,42875,4,1,4,2,multimat-right-multirow-both,4_4_1_2,32_32_1_8,9216,32,32,1024,1,8,1x8,one_to_many
0,28639,52356,4,1,4,4,multimat-right-multirow-both,4_4_1_4,32_32_1_8,9216,32,32,1024,1,8,1x8,one_to_many
0,85454,17554,4,2,4,1,multimat-right-multirow-both,4_4_2_1,32_32_1_8,9216,32,32,1024,1,8,1x8,one_to_many
0,86096,17423,4,2,4,2,multimat-right-multirow-both,4_4_2_2,32_32_1_8,9216,32,32,1024,1,8,1x8,one_to_many
0,53575,27998,4,2,4,4,multimat-right-multirow-both,4_4_2_4,32_32_1_8,9216,32,32,1024,1,8,1x8,one_to_many
0,73934,20289,4,4,4,1,multimat-right-multirow-both,4_4_4_1,32_32_1_8,9216,32,32,1024,1,8,1x8,one_to_many
0,53495,28043,4,4,4,2,multimat-right-multirow-both,4_4_4_2,32_32_1_8,9216,32,32,1024,1,8,1x8,one_to_many
0,39888,37608,4,4,4,4,multimat-right-multirow-both,4_4_4_4,32_32_1_8,9216,32,32,1024,1,8,1x8,one_to_many
0,29606,50665,8,1,1,1,multimat-right-multirow-both,8_1_1_1,32_32_1_8,9216,32,32,1024,1,8,1x8,one_to_many
0,24173,62062,8,1,1,2,multimat-right-multirow-both,8_1_1_2,32_32_1_8,9216,32,32,1024,1,8,1x8,one_to_many
0,23002,65210,8,1,1,4,multimat-right-multirow-both,8_1_1_4,32_32_1_8,9216,32,32,1024,1,8,1x8,one_to_many
0,35226,42582,8,2,1,1,multimat-right-multirow-both,8_1_2_1,32_32_1_8,9216,32,32,1024,1,8,1x8,one_to_many
0,25122,59713,8,2,1,2,multimat-right-multirow-both,8_1_2_2,32_32_1_8,9216,32,32,1024,1,8,1x8,one_to_many
0,25453,58933,8,2,1,4,multimat-right-multirow-both,8_1_2_4,32_32_1_8,9216,32,32,1024,1,8,1x8,one_to_many
0,40255,37263,8,4,1,1,multimat-right-multirow-both,8_1_4_1,32_32_1_8,9216,32,32,1024,1,8,1x8,one_to_many
0,41660,36008,8,4,1,2,multimat-right-multirow-both,8_1_4_2,32_32_1_8,9216,32,32,1024,1,8,1x8,one_to_many
0,26907,55749,8,4,1,4,multimat-right-multirow-both,8_1_4_4,32_32_1_8,9216,32,32,1024,1,8,1x8,one_to_many
0,36661,40915,8,1,2,1,multimat-right-multirow-both,8_2_1_1,32_32_1_8,9216,32,32,1024,1,8,1x8,one_to_many
0,33498,44780,8,1,2,2,multimat-right-multirow-both,8_2_1_2,32_32_1_8,9216,32,32,1024,1,8,1x8,one_to_many
0,29964,50057,8,1,2,4,multimat-right-multirow-both,8_2_1_4,32_32_1_8,9216,32,32,1024,1,8,1x8,one_to_many
0,43449,34524,8,2,2,1,multimat-right-multirow-both,8_2_2_1,32_32_1_8,9216,32,32,1024,1,8,1x8,one_to_many
0,41791,35893,8,2,2,2,multimat-right-multirow-both,8_2_2_2,32_32_1_8,9216,32,32,1024,1,8,1x8,one_to_many
0,32708,45863,8,2,2,4,multimat-right-multirow-both,8_2_2_4,32_32_1_8,9216,32,32,1024,1,8,1x8,one_to_many
0,51029,29396,8,4,2,1,multimat-right-multirow-both,8_2_4_1,32_32_1_8,9216,32,32,1024,1,8,1x8,one_to_many
0,71807,20890,8,4,2,2,multimat-right-multirow-both,8_2_4_2,32_32_1_8,9216,32,32,1024,1,8,1x8,one_to_many
0,32553,46079,8,4,2,4,multimat-right-multirow-both,8_2_4_4,32_32_1_8,9216,32,32,1024,1,8,1x8,one_to_many
0,45698,32827,8,1,4,1,multimat-right-multirow-both,8_4_1_1,32_32_1_8,9216,32,32,1024,1,8,1x8,one_to_many
0,44463,33740,8,1,4,2,multimat-right-multirow-both,8_4_1_2,32_32_1_8,9216,32,32,1024,1,8,1x8,one_to_many
0,41500,36145,8,1,4,4,multimat-right-multirow-both,8_4_1_4,32_32_1_8,9216,32,32,1024,1,8,1x8,one_to_many
0,91550,16386,8,2,4,1,multimat-right-multirow-both,8_4_2_1,32_32_1_8,9216,32,32,1024,1,8,1x8,one_to_many
0,87799,17085,8,2,4,2,multimat-right-multirow-both,8_4_2_2,32_32_1_8,9216,32,32,1024,1,8,1x8,one_to_many
0,57513,26080,8,2,4,4,multimat-right-multirow-both,8_4_2_4,32_32_1_8,9216,32,32,1024,1,8,1x8,one_to_many
0,82693,18140,8,4,4,1,multimat-right-multirow-both,8_4_4_1,32_32_1_8,9216,32,32,1024,1,8,1x8,one_to_many
0,62831,23875,8,4,4,2,multimat-right-multirow-both,8_4_4_2,32_32_1_8,9216,32,32,1024,1,8,1x8,one_to_many
0,50907,29467,8,4,4,4,multimat-right-multirow-both,8_4_4_4,32_32_1_8,9216,32,32,1024,1,8,1x8,one_to_many
0,96369,15566,4,4,2,4,multimat-right-multirow-both,4_2_4_4,64_64_1_2,12288,64,64,4096,1,2,1x2,one_to_many
0,88256,16996,4,1,1,1,multimat-right-multirow-both,4_1_1_1,64_64_1_2,12288,64,64,4096,1,2,1x2,one_to_many
0,61598,24350,4,1,1,2,multimat-right-multirow-both,4_1_1_2,64_64_1_2,12288,64,64,4096,1,2,1x2,one_to_many
0,56258,26664,4,1,1,4,multimat-right-multirow-both,4_1_1_4,64_64_1_2,12288,64,64,4096,1,2,1x2,one_to_many
0,110157,10000,4,2,1,1,multimat-right-multirow-both,4_1_2_1,64_64_1_2,12288,64,64,4096,1,2,1x2,one_to_many
0,71357,21023,4,2,1,2,multimat-right-multirow-both,4_1_2_2,64_64_1_2,12288,64,64,4096,1,2,1x2,one_to_many
0,80138,18718,4,2,1,4,multimat-right-multirow-both,4_1_2_4,64_64_1_2,12288,64,64,4096,1,2,1x2,one_to_many
0,148722,10000,4,4,1,1,multimat-right-multirow-both,4_1_4_1,64_64_1_2,12288,64,64,4096,1,2,1x2,one_to_many
0,157128,9545,4,4,1,2,multimat-right-multirow-both,4_1_4_2,64_64_1_2,12288,64,64,4096,1,2,1x2,one_to_many
0,91597,16377,4,4,1,4,multimat-right-multirow-both,4_1_4_4,64_64_1_2,12288,64,64,4096,1,2,1x2,one_to_many
0,108631,10000,4,1,2,1,multimat-right-multirow-both,4_2_1_1,64_64_1_2,12288,64,64,4096,1,2,1x2,one_to_many
0,108595,10000,4,1,2,2,multimat-right-multirow-both,4_2_1_2,64_64_1_2,12288,64,64,4096,1,2,1x2,one_to_many
0,91630,16370,4,1,2,4,multimat-right-multirow-both,4_2_1_4,64_64_1_2,12288,64,64,4096,1,2,1x2,one_to_many
0,130717,10000,4,2,2,1,multimat-right-multirow-both,4_2_2_1,64_64_1_2,12288,64,64,4096,1,2,1x2,one_to_many
0,135292,10000,4,2,2,2,multimat-right-multirow-both,4_2_2_2,64_64_1_2,12288,64,64,4096,1,2,1x2,one_to_many
0,102802,10000,4,2,2,4,multimat-right-multirow-both,4_2_2_4,64_64_1_2,12288,64,64,4096,1,2,1x2,one_to_many
0,190110,7889,4,4,2,1,multimat-right-multirow-both,4_2_4_1,64_64_1_2,12288,64,64,4096,1,2,1x2,one_to_many
0,288888,5192,4,4,2,2,multimat-right-multirow-both,4_2_4_2,64_64_1_2,12288,64,64,4096,1,2,1x2,one_to_many
0,105538,10000,4,1,4,1,multimat-right-multirow-both,4_4_1_1,64_64_1_2,12288,64,64,4096,1,2,1x2,one_to_many
0,88268,16994,4,1,4,2,multimat-right-multirow-both,4_4_1_2,64_64_1_2,12288,64,64,4096,1,2,1x2,one_to_many
0,81570,18390,4,1,4,4,multimat-right-multirow-both,4_4_1_4,64_64_1_2,12288,64,64,4096,1,2,1x2,one_to_many
0,131324,10000,4,2,4,1,multimat-right-multirow-both,4_4_2_1,64_64_1_2,12288,64,64,4096,1,2,1x2,one_to_many
0,95644,15684,4,2,4,2,multimat-right-multirow-both,4_4_2_2,64_64_1_2,12288,64,64,4096,1,2,1x2,one_to_many
0,86531,17335,4,2,4,4,multimat-right-multirow-both,4_4_2_4,64_64_1_2,12288,64,64,4096,1,2,1x2,one_to_many
0,168071,8926,4,4,4,1,multimat-right-multirow-both,4_4_4_1,64_64_1_2,12288,64,64,4096,1,2,1x2,one_to_many
0,140066,10000,4,4,4,2,multimat-right-multirow-both,4_4_4_2,64_64_1_2,12288,64,64,4096,1,2,1x2,one_to_many
0,95553,15699,4,4,4,4,multimat-right-multirow-both,4_4_4_4,64_64_1_2,12288,64,64,4096,1,2,1x2,one_to_many
0,105081,10000,8,1,1,1,multimat-right-multirow-both,8_1_1_1,64_64_1_2,12288,64,64,4096,1,2,1x2,one_to_many
0,86282,17386,8,1,1,2,multimat-right-multirow-both,8_1_1_2,64_64_1_2,12288,64,64,4096,1,2,1x2,one_to_many
0,83169,18036,8,1,1,4,multimat-right-multirow-both,8_1_1_4,64_64_1_2,12288,64,64,4096,1,2,1x2,one_to_many
0,131763,10000,8,2,1,1,multimat-right-multirow-both,8_1_2_1,64_64_1_2,12288,64,64,4096,1,2,1x2,one_to_many
0,95930,15637,8,2,1,2,multimat-right-multirow-both,8_1_2_2,64_64_1_2,12288,64,64,4096,1,2,1x2,one_to_many
0,94859,15813,8,2,1,4,multimat-right-multirow-both,8_1_2_4,64_64_1_2,12288,64,64,4096,1,2,1x2,one_to_many
0,170090,8817,8,4,1,1,multimat-right-multirow-both,8_1_4_1,64_64_1_2,12288,64,64,4096,1,2,1x2,one_to_many
0,163433,9174,8,4,1,2,multimat-right-multirow-both,8_1_4_2,64_64_1_2,12288,64,64,4096,1,2,1x2,one_to_many
0,106333,10000,8,4,1,4,multimat-right-multirow-both,8_1_4_4,64_64_1_2,12288,64,64,4096,1,2,1x2,one_to_many
0,133563,10000,8,1,2,1,multimat-right-multirow-both,8_2_1_1,64_64_1_2,12288,64,64,4096,1,2,1x2,one_to_many
0,124418,10000,8,1,2,2,multimat-right-multirow-both,8_2_1_2,64_64_1_2,12288,64,64,4096,1,2,1x2,one_to_many
0,112891,10000,8,1,2,4,multimat-right-multirow-both,8_2_1_4,64_64_1_2,12288,64,64,4096,1,2,1x2,one_to_many
0,167599,8947,8,2,2,1,multimat-right-multirow-both,8_2_2_1,64_64_1_2,12288,64,64,4096,1,2,1x2,one_to_many
0,164688,9107,8,2,2,2,multimat-right-multirow-both,8_2_2_2,64_64_1_2,12288,64,64,4096,1,2,1x2,one_to_many
0,126224,10000,8,2,2,4,multimat-right-multirow-both,8_2_2_4,64_64_1_2,12288,64,64,4096,1,2,1x2,one_to_many
0,242135,6195,8,4,2,1,multimat-right-multirow-both,8_2_4_1,64_64_1_2,12288,64,64,4096,1,2,1x2,one_to_many
0,296361,5061,8,4,2,2,multimat-right-multirow-both,8_2_4_2,64_64_1_2,12288,64,64,4096,1,2,1x2,one_to_many
0,138665,10000,8,4,2,4,multimat-right-multirow-both,8_2_4_4,64_64_1_2,12288,64,64,4096,1,2,1x2,one_to_many
0,124863,10000,8,1,4,1,multimat-right-multirow-both,8_4_1_1,64_64_1_2,12288,64,64,4096,1,2,1x2,one_to_many
0,110936,10000,8,1,4,2,multimat-right-multirow-both,8_4_1_2,64_64_1_2,12288,64,64,4096,1,2,1x2,one_to_many
0,111972,10000,8,1,4,4,multimat-right-multirow-both,8_4_1_4,64_64_1_2,12288,64,64,4096,1,2,1x2,one_to_many
0,166358,9013,8,2,4,1,multimat-right-multirow-both,8_4_2_1,64_64_1_2,12288,64,64,4096,1,2,1x2,one_to_many
0,133268,10000,8,2,4,2,multimat-right-multirow-both,8_4_2_2,64_64_1_2,12288,64,64,4096,1,2,1x2,one_to_many
0,122205,10000,8,2,4,4,multimat-right-multirow-both,8_4_2_4,64_64_1_2,12288,64,64,4096,1,2,1x2,one_to_many
0,231384,6479,8,4,4,1,multimat-right-multirow-both,8_4_4_1,64_64_1_2,12288,64,64,4096,1,2,1x2,one_to_many
0,177536,8447,8,4,4,2,multimat-right-multirow-both,8_4_4_2,64_64_1_2,12288,64,64,4096,1,2,1x2,one_to_many
0,138089,10000,8,4,4,4,multimat-right-multirow-both,8_4_4_4,64_64_1_2,12288,64,64,4096,1,2,1x2,one_to_many
0,34876,43011,4,1,4,1,multimat-right-multirow-both,4_4_1_1,32_32_1_32,33792,32,32,1024,1,32,1x32,one_to_many
0,44509,33681,4,1,1,1,multimat-right-multirow-both,4_1_1_1,32_32_1_32,33792,32,32,1024,1,32,1x32,one_to_many
0,44374,33789,4,1,1,2,multimat-right-multirow-both,4_1_1_2,32_32_1_32,33792,32,32,1024,1,32,1x32,one_to_many
0,44329,33761,4,1,1,4,multimat-right-multirow-both,4_1_1_4,32_32_1_32,33792,32,32,1024,1,32,1x32,one_to_many
0,38469,38886,4,2,1,1,multimat-right-multirow-both,4_1_2_1,32_32_1_32,33792,32,32,1024,1,32,1x32,one_to_many
0,34616,43188,4,2,1,2,multimat-right-multirow-both,4_1_2_2,32_32_1_32,33792,32,32,1024,1,32,1x32,one_to_many
0,33139,45161,4,2,1,4,multimat-right-multirow-both,4_1_2_4,32_32_1_32,33792,32,32,1024,1,32,1x32,one_to_many
0,40267,37253,4,4,1,1,multimat-right-multirow-both,4_1_4_1,32_32_1_32,33792,32,32,1024,1,32,1x32,one_to_many
0,41761,35922,4,4,1,2,multimat-right-multirow-both,4_1_4_2,32_32_1_32,33792,32,32,1024,1,32,1x32,one_to_many
0,26186,57288,4,4,1,4,multimat-right-multirow-both,4_1_4_4,32_32_1_32,33792,32,32,1024,1,32,1x32,one_to_many
0,37026,40348,4,1,2,1,multimat-right-multirow-both,4_2_1_1,32_32_1_32,33792,32,32,1024,1,32,1x32,one_to_many
0,37251,40210,4,1,2,2,multimat-right-multirow-both,4_2_1_2,32_32_1_32,33792,32,32,1024,1,32,1x32,one_to_many
0,36788,40620,4,1,2,4,multimat-right-multirow-both,4_2_1_4,32_32_1_32,33792,32,32,1024,1,32,1x32,one_to_many
0,37137,40382,4,2,2,1,multimat-right-multirow-both,4_2_2_1,32_32_1_32,33792,32,32,1024,1,32,1x32,one_to_many
0,36989,40552,4,2,2,2,multimat-right-multirow-both,4_2_2_2,32_32_1_32,33792,32,32,1024,1,32,1x32,one_to_many
0,28482,52665,4,2,2,4,multimat-right-multirow-both,4_2_2_4,32_32_1_32,33792,32,32,1024,1,32,1x32,one_to_many
0,49062,30574,4,4,2,1,multimat-right-multirow-both,4_2_4_1,32_32_1_32,33792,32,32,1024,1,32,1x32,one_to_many
0,72314,20744,4,4,2,2,multimat-right-multirow-both,4_2_4_2,32_32_1_32,33792,32,32,1024,1,32,1x32,one_to_many
0,26996,55567,4,4,2,4,multimat-right-multirow-both,4_2_4_4,32_32_1_32,33792,32,32,1024,1,32,1x32,one_to_many
0,35829,41866,4,1,4,2,multimat-right-multirow-both,4_4_1_2,32_32_1_32,33792,32,32,1024,1,32,1x32,one_to_many
0,29433,50962,4,1,4,4,multimat-right-multirow-both,4_4_1_4,32_32_1_32,33792,32,32,1024,1,32,1x32,one_to_many
0,85669,17510,4,2,4,1,multimat-right-multirow-both,4_4_2_1,32_32_1_32,33792,32,32,1024,1,32,1x32,one_to_many
0,86311,17380,4,2,4,2,multimat-right-multirow-both,4_4_2_2,32_32_1_32,33792,32,32,1024,1,32,1x32,one_to_many
0,53811,27874,4,2,4,4,multimat-right-multirow-both,4_4_2_4,32_32_1_32,33792,32,32,1024,1,32,1x32,one_to_many
0,74260,20200,4,4,4,1,multimat-right-multirow-both,4_4_4_1,32_32_1_32,33792,32,32,1024,1,32,1x32,one_to_many
0,53713,27929,4,4,4,2,multimat-right-multirow-both,4_4_4_2,32_32_1_32,33792,32,32,1024,1,32,1x32,one_to_many
0,40069,37437,4,4,4,4,multimat-right-multirow-both,4_4_4_4,32_32_1_32,33792,32,32,1024,1,32,1x32,one_to_many
0,55145,27200,8,1,1,1,multimat-right-multirow-both,8_1_1_1,32_32_1_32,33792,32,32,1024,1,32,1x32,one_to_many
0,54577,27483,8,1,1,2,multimat-right-multirow-both,8_1_1_2,32_32_1_32,33792,32,32,1024,1,32,1x32,one_to_many
0,52467,28590,8,1,1,4,multimat-right-multirow-both,8_1_1_4,32_32_1_32,33792,32,32,1024,1,32,1x32,one_to_many
0,35868,41750,8,2,1,1,multimat-right-multirow-both,8_1_2_1,32_32_1_32,33792,32,32,1024,1,32,1x32,one_to_many
0,29178,51262,8,2,1,2,multimat-right-multirow-both,8_1_2_2,32_32_1_32,33792,32,32,1024,1,32,1x32,one_to_many
0,29547,50569,8,2,1,4,multimat-right-multirow-both,8_1_2_4,32_32_1_32,33792,32,32,1024,1,32,1x32,one_to_many
0,40556,36985,8,4,1,1,multimat-right-multirow-both,8_1_4_1,32_32_1_32,33792,32,32,1024,1,32,1x32,one_to_many
0,41940,35766,8,4,1,2,multimat-right-multirow-both,8_1_4_2,32_32_1_32,33792,32,32,1024,1,32,1x32,one_to_many
0,27187,55179,8,4,1,4,multimat-right-multirow-both,8_1_4_4,32_32_1_32,33792,32,32,1024,1,32,1x32,one_to_many
0,37440,40064,8,1,2,1,multimat-right-multirow-both,8_2_1_1,32_32_1_32,33792,32,32,1024,1,32,1x32,one_to_many
0,35014,42677,8,1,2,2,multimat-right-multirow-both,8_2_1_2,32_32_1_32,33792,32,32,1024,1,32,1x32,one_to_many
0,31697,47168,8,1,2,4,multimat-right-multirow-both,8_2_1_4,32_32_1_32,33792,32,32,1024,1,32,1x32,one_to_many
0,43962,34119,8,2,2,1,multimat-right-multirow-both,8_2_2_1,32_32_1_32,33792,32,32,1024,1,32,1x32,one_to_many
0,42212,35536,8,2,2,2,multimat-right-multirow-both,8_2_2_2,32_32_1_32,33792,32,32,1024,1,32,1x32,one_to_many
0,33111,45301,8,2,2,4,multimat-right-multirow-both,8_2_2_4,32_32_1_32,33792,32,32,1024,1,32,1x32,one_to_many
0,51284,29249,8,4,2,1,multimat-right-multirow-both,8_2_4_1,32_32_1_32,33792,32,32,1024,1,32,1x32,one_to_many
0,71978,20841,8,4,2,2,multimat-right-multirow-both,8_2_4_2,32_32_1_32,33792,32,32,1024,1,32,1x32,one_to_many
0,32676,45906,8,4,2,4,multimat-right-multirow-both,8_2_4_4,32_32_1_32,33792,32,32,1024,1,32,1x32,one_to_many
0,46009,32604,8,1,4,1,multimat-right-multirow-both,8_4_1_1,32_32_1_32,33792,32,32,1024,1,32,1x32,one_to_many
0,44939,33377,8,1,4,2,multimat-right-multirow-both,8_4_1_2,32_32_1_32,33792,32,32,1024,1,32,1x32,one_to_many
0,41828,35861,8,1,4,4,multimat-right-multirow-both,8_4_1_4,32_32_1_32,33792,32,32,1024,1,32,1x32,one_to_many
0,91853,16331,8,2,4,1,multimat-right-multirow-both,8_4_2_1,32_32_1_32,33792,32,32,1024,1,32,1x32,one_to_many
0,88144,17018,8,2,4,2,multimat-right-multirow-both,8_4_2_2,32_32_1_32,33792,32,32,1024,1,32,1x32,one_to_many
0,57724,25986,8,2,4,4,multimat-right-multirow-both,8_4_2_4,32_32_1_32,33792,32,32,1024,1,32,1x32,one_to_many
0,82902,18095,8,4,4,1,multimat-right-multirow-both,8_4_4_1,32_32_1_32,33792,32,32,1024,1,32,1x32,one_to_many
0,62940,23833,8,4,4,2,multimat-right-multirow-both,8_4_4_2,32_32_1_32,33792,32,32,1024,1,32,1x32,one_to_many
0,51046,29386,8,4,4,4,multimat-right-multirow-both,8_4_4_4,32_32_1_32,33792,32,32,1024,1,32,1x32,one_to_many
0,138232,10000,4,1,1,1,multimat-right-multirow-both,4_1_1_1,64_64_1_8,36864,64,64,4096,1,8,1x8,one_to_many
0,138298,10000,4,1,1,2,multimat-right-multirow-both,4_1_1_2,64_64_1_8,36864,64,64,4096,1,8,1x8,one_to_many
0,137385,10000,4,1,1,4,multimat-right-multirow-both,4_1_1_4,64_64_1_8,36864,64,64,4096,1,8,1x8,one_to_many
0,141592,10000,4,2,1,1,multimat-right-multirow-both,4_1_2_1,64_64_1_8,36864,64,64,4096,1,8,1x8,one_to_many
0,122648,10000,4,2,1,2,multimat-right-multirow-both,4_1_2_2,64_64_1_8,36864,64,64,4096,1,8,1x8,one_to_many
0,118208,10000,4,2,1,4,multimat-right-multirow-both,4_1_2_4,64_64_1_8,36864,64,64,4096,1,8,1x8,one_to_many
0,152316,9846,4,4,1,1,multimat-right-multirow-both,4_1_4_1,64_64_1_8,36864,64,64,4096,1,8,1x8,one_to_many
0,158385,9469,4,4,1,2,multimat-right-multirow-both,4_1_4_2,64_64_1_8,36864,64,64,4096,1,8,1x8,one_to_many
0,93462,16050,4,4,1,4,multimat-right-multirow-both,4_1_4_4,64_64_1_8,36864,64,64,4096,1,8,1x8,one_to_many
0,135805,10000,4,1,2,1,multimat-right-multirow-both,4_2_1_1,64_64_1_8,36864,64,64,4096,1,8,1x8,one_to_many
0,137449,10000,4,1,2,2,multimat-right-multirow-both,4_2_1_2,64_64_1_8,36864,64,64,4096,1,8,1x8,one_to_many
0,134343,10000,4,1,2,4,multimat-right-multirow-both,4_2_1_4,64_64_1_8,36864,64,64,4096,1,8,1x8,one_to_many
0,133816,10000,4,2,2,1,multimat-right-multirow-both,4_2_2_1,64_64_1_8,36864,64,64,4096,1,8,1x8,one_to_many
0,137297,10000,4,2,2,2,multimat-right-multirow-both,4_2_2_2,64_64_1_8,36864,64,64,4096,1,8,1x8,one_to_many
0,104332,10000,4,2,2,4,multimat-right-multirow-both,4_2_2_4,64_64_1_8,36864,64,64,4096,1,8,1x8,one_to_many
0,190690,7865,4,4,2,1,multimat-right-multirow-both,4_2_4_1,64_64_1_8,36864,64,64,4096,1,8,1x8,one_to_many
0,289178,5187,4,4,2,2,multimat-right-multirow-both,4_2_4_2,64_64_1_8,36864,64,64,4096,1,8,1x8,one_to_many
0,97351,15409,4,4,2,4,multimat-right-multirow-both,4_2_4_4,64_64_1_8,36864,64,64,4096,1,8,1x8,one_to_many
0,123628,10000,4,1,4,1,multimat-right-multirow-both,4_4_1_1,64_64_1_8,36864,64,64,4096,1,8,1x8,one_to_many
0,132548,10000,4,1,4,2,multimat-right-multirow-both,4_4_1_2,64_64_1_8,36864,64,64,4096,1,8,1x8,one_to_many
0,107600,10000,4,1,4,4,multimat-right-multirow-both,4_4_1_4,64_64_1_8,36864,64,64,4096,1,8,1x8,one_to_many
0,330064,4545,4,2,4,1,multimat-right-multirow-both,4_4_2_1,64_64_1_8,36864,64,64,4096,1,8,1x8,one_to_many
0,340125,4410,4,2,4,2,multimat-right-multirow-both,4_4_2_2,64_64_1_8,36864,64,64,4096,1,8,1x8,one_to_many
0,210618,7121,4,2,4,4,multimat-right-multirow-both,4_4_2_4,64_64_1_8,36864,64,64,4096,1,8,1x8,one_to_many
0,296671,5056,4,4,4,1,multimat-right-multirow-both,4_4_4_1,64_64_1_8,36864,64,64,4096,1,8,1x8,one_to_many
0,209339,7165,4,4,4,2,multimat-right-multirow-both,4_4_4_2,64_64_1_8,36864,64,64,4096,1,8,1x8,one_to_many
0,147074,10000,4,4,4,4,multimat-right-multirow-both,4_4_4_4,64_64_1_8,36864,64,64,4096,1,8,1x8,one_to_many
0,204466,7337,8,1,1,1,multimat-right-multirow-both,8_1_1_1,64_64_1_8,36864,64,64,4096,1,8,1x8,one_to_many
0,204099,7348,8,1,1,2,multimat-right-multirow-both,8_1_1_2,64_64_1_8,36864,64,64,4096,1,8,1x8,one_to_many
0,204103,7350,8,1,1,4,multimat-right-multirow-both,8_1_1_4,64_64_1_8,36864,64,64,4096,1,8,1x8,one_to_many
0,136199,10000,8,2,1,1,multimat-right-multirow-both,8_1_2_1,64_64_1_8,36864,64,64,4096,1,8,1x8,one_to_many
0,100870,10000,8,2,1,2,multimat-right-multirow-both,8_1_2_2,64_64_1_8,36864,64,64,4096,1,8,1x8,one_to_many
0,99751,15038,8,2,1,4,multimat-right-multirow-both,8_1_2_4,64_64_1_8,36864,64,64,4096,1,8,1x8,one_to_many
0,170888,8776,8,4,1,1,multimat-right-multirow-both,8_1_4_1,64_64_1_8,36864,64,64,4096,1,8,1x8,one_to_many
0,164139,9136,8,4,1,2,multimat-right-multirow-both,8_1_4_2,64_64_1_8,36864,64,64,4096,1,8,1x8,one_to_many
0,106970,10000,8,4,1,4,multimat-right-multirow-both,8_1_4_4,64_64_1_8,36864,64,64,4096,1,8,1x8,one_to_many
0,137036,10000,8,1,2,1,multimat-right-multirow-both,8_2_1_1,64_64_1_8,36864,64,64,4096,1,8,1x8,one_to_many
0,127551,10000,8,1,2,2,multimat-right-multirow-both,8_2_1_2,64_64_1_8,36864,64,64,4096,1,8,1x8,one_to_many
0,115825,10000,8,1,2,4,multimat-right-multirow-both,8_2_1_4,64_64_1_8,36864,64,64,4096,1,8,1x8,one_to_many
0,168528,8900,8,2,2,1,multimat-right-multirow-both,8_2_2_1,64_64_1_8,36864,64,64,4096,1,8,1x8,one_to_many
0,165262,9075,8,2,2,2,multimat-right-multirow-both,8_2_2_2,64_64_1_8,36864,64,64,4096,1,8,1x8,one_to_many
0,127084,10000,8,2,2,4,multimat-right-multirow-both,8_2_2_4,64_64_1_8,36864,64,64,4096,1,8,1x8,one_to_many
0,242847,6176,8,4,2,1,multimat-right-multirow-both,8_2_4_1,64_64_1_8,36864,64,64,4096,1,8,1x8,one_to_many
0,296801,5054,8,4,2,2,multimat-right-multirow-both,8_2_4_2,64_64_1_8,36864,64,64,4096,1,8,1x8,one_to_many
0,139196,10000,8,4,2,4,multimat-right-multirow-both,8_2_4_4,64_64_1_8,36864,64,64,4096,1,8,1x8,one_to_many
0,172953,8673,8,1,4,1,multimat-right-multirow-both,8_4_1_1,64_64_1_8,36864,64,64,4096,1,8,1x8,one_to_many
0,168254,8916,8,1,4,2,multimat-right-multirow-both,8_4_1_2,64_64_1_8,36864,64,64,4096,1,8,1x8,one_to_many
0,163900,9153,8,1,4,4,multimat-right-multirow-both,8_4_1_4,64_64_1_8,36864,64,64,4096,1,8,1x8,one_to_many
0,361153,4151,8,2,4,1,multimat-right-multirow-both,8_4_2_1,64_64_1_8,36864,64,64,4096,1,8,1x8,one_to_many
0,351545,4267,8,2,4,2,multimat-right-multirow-both,8_4_2_2,64_64_1_8,36864,64,64,4096,1,8,1x8,one_to_many
0,230369,6510,8,2,4,4,multimat-right-multirow-both,8_4_2_4,64_64_1_8,36864,64,64,4096,1,8,1x8,one_to_many
0,409557,3663,8,4,4,1,multimat-right-multirow-both,8_4_4_1,64_64_1_8,36864,64,64,4096,1,8,1x8,one_to_many
0,291549,5146,8,4,4,2,multimat-right-multirow-both,8_4_4_2,64_64_1_8,36864,64,64,4096,1,8,1x8,one_to_many
0,223462,6712,8,4,4,4,multimat-right-multirow-both,8_4_4_4,64_64_1_8,36864,64,64,4096,1,8,1x8,one_to_many
0,500847,2995,4,1,2,4,multimat-right-multirow-both,4_2_1_4,128_128_1_2,49152,128,128,16384,1,2,1x2,one_to_many
0,568242,2640,4,1,1,1,multimat-right-multirow-both,4_1_1_1,128_128_1_2,49152,128,128,16384,1,2,1x2,one_to_many
0,544977,2753,4,1,1,2,multimat-right-multirow-both,4_1_1_2,128_128_1_2,49152,128,128,16384,1,2,1x2,one_to_many
0,542757,2764,4,1,1,4,multimat-right-multirow-both,4_1_1_4,128_128_1_2,49152,128,128,16384,1,2,1x2,one_to_many
0,500511,2997,4,2,1,1,multimat-right-multirow-both,4_1_2_1,128_128_1_2,49152,128,128,16384,1,2,1x2,one_to_many
0,432551,3468,4,2,1,2,multimat-right-multirow-both,4_1_2_2,128_128_1_2,49152,128,128,16384,1,2,1x2,one_to_many
0,413914,3624,4,2,1,4,multimat-right-multirow-both,4_1_2_4,128_128_1_2,49152,128,128,16384,1,2,1x2,one_to_many
0,592506,2532,4,4,1,1,multimat-right-multirow-both,4_1_4_1,128_128_1_2,49152,128,128,16384,1,2,1x2,one_to_many
0,627071,2392,4,4,1,2,multimat-right-multirow-both,4_1_4_2,128_128_1_2,49152,128,128,16384,1,2,1x2,one_to_many
0,358170,4188,4,4,1,4,multimat-right-multirow-both,4_1_4_4,128_128_1_2,49152,128,128,16384,1,2,1x2,one_to_many
0,507171,2958,4,1,2,1,multimat-right-multirow-both,4_2_1_1,128_128_1_2,49152,128,128,16384,1,2,1x2,one_to_many
0,508710,2949,4,1,2,2,multimat-right-multirow-both,4_2_1_2,128_128_1_2,49152,128,128,16384,1,2,1x2,one_to_many
0,1000406,1500,8,4,4,1,multimat-right-multirow-both,8_4_4_1,128_128_1_2,49152,128,128,16384,1,2,1x2,one_to_many
0,513157,2923,4,2,2,1,multimat-right-multirow-both,4_2_2_1,128_128_1_2,49152,128,128,16384,1,2,1x2,one_to_many
0,533151,2814,4,2,2,2,multimat-right-multirow-both,4_2_2_2,128_128_1_2,49152,128,128,16384,1,2,1x2,one_to_many
0,404013,3713,4,2,2,4,multimat-right-multirow-both,4_2_2_4,128_128_1_2,49152,128,128,16384,1,2,1x2,one_to_many
0,763629,1965,4,4,2,1,multimat-right-multirow-both,4_2_4_1,128_128_1_2,49152,128,128,16384,1,2,1x2,one_to_many
0,1167443,1285,4,4,2,2,multimat-right-multirow-both,4_2_4_2,128_128_1_2,49152,128,128,16384,1,2,1x2,one_to_many
0,375126,3999,4,4,2,4,multimat-right-multirow-both,4_2_4_4,128_128_1_2,49152,128,128,16384,1,2,1x2,one_to_many
0,501334,2992,4,1,4,1,multimat-right-multirow-both,4_4_1_1,128_128_1_2,49152,128,128,16384,1,2,1x2,one_to_many
0,494466,3034,4,1,4,2,multimat-right-multirow-both,4_4_1_2,128_128_1_2,49152,128,128,16384,1,2,1x2,one_to_many
0,495169,3030,4,1,4,4,multimat-right-multirow-both,4_4_1_4,128_128_1_2,49152,128,128,16384,1,2,1x2,one_to_many
0,515961,2907,4,2,4,1,multimat-right-multirow-both,4_4_2_1,128_128_1_2,49152,128,128,16384,1,2,1x2,one_to_many
0,372034,4033,4,2,4,2,multimat-right-multirow-both,4_4_2_2,128_128_1_2,49152,128,128,16384,1,2,1x2,one_to_many
0,336060,4464,4,2,4,4,multimat-right-multirow-both,4_4_2_4,128_128_1_2,49152,128,128,16384,1,2,1x2,one_to_many
0,669682,2240,4,4,4,1,multimat-right-multirow-both,4_4_4_1,128_128_1_2,49152,128,128,16384,1,2,1x2,one_to_many
0,554119,2708,4,4,4,2,multimat-right-multirow-both,4_4_4_2,128_128_1_2,49152,128,128,16384,1,2,1x2,one_to_many
0,371396,4039,4,4,4,4,multimat-right-multirow-both,4_4_4_4,128_128_1_2,49152,128,128,16384,1,2,1x2,one_to_many
0,726043,2066,8,1,1,1,multimat-right-multirow-both,8_1_1_1,128_128_1_2,49152,128,128,16384,1,2,1x2,one_to_many
0,728358,2060,8,1,1,2,multimat-right-multirow-both,8_1_1_2,128_128_1_2,49152,128,128,16384,1,2,1x2,one_to_many
0,728021,2061,8,1,1,4,multimat-right-multirow-both,8_1_1_4,128_128_1_2,49152,128,128,16384,1,2,1x2,one_to_many
0,528575,2837,8,2,1,1,multimat-right-multirow-both,8_1_2_1,128_128_1_2,49152,128,128,16384,1,2,1x2,one_to_many
0,386918,3876,8,2,1,2,multimat-right-multirow-both,8_1_2_2,128_128_1_2,49152,128,128,16384,1,2,1x2,one_to_many
0,376991,3979,8,2,1,4,multimat-right-multirow-both,8_1_2_4,128_128_1_2,49152,128,128,16384,1,2,1x2,one_to_many
0,703927,2132,8,4,1,1,multimat-right-multirow-both,8_1_4_1,128_128_1_2,49152,128,128,16384,1,2,1x2,one_to_many
0,654896,2291,8,4,1,2,multimat-right-multirow-both,8_1_4_2,128_128_1_2,49152,128,128,16384,1,2,1x2,one_to_many
0,431400,3477,8,4,1,4,multimat-right-multirow-both,8_1_4_4,128_128_1_2,49152,128,128,16384,1,2,1x2,one_to_many
0,526126,2851,8,1,2,1,multimat-right-multirow-both,8_2_1_1,128_128_1_2,49152,128,128,16384,1,2,1x2,one_to_many
0,488542,3070,8,1,2,2,multimat-right-multirow-both,8_2_1_2,128_128_1_2,49152,128,128,16384,1,2,1x2,one_to_many
0,446943,3356,8,1,2,4,multimat-right-multirow-both,8_2_1_4,128_128_1_2,49152,128,128,16384,1,2,1x2,one_to_many
0,672365,2231,8,2,2,1,multimat-right-multirow-both,8_2_2_1,128_128_1_2,49152,128,128,16384,1,2,1x2,one_to_many
0,663293,2262,8,2,2,2,multimat-right-multirow-both,8_2_2_2,128_128_1_2,49152,128,128,16384,1,2,1x2,one_to_many
0,506166,2964,8,2,2,4,multimat-right-multirow-both,8_2_2_4,128_128_1_2,49152,128,128,16384,1,2,1x2,one_to_many
0,1044002,1437,8,4,2,1,multimat-right-multirow-both,8_2_4_1,128_128_1_2,49152,128,128,16384,1,2,1x2,one_to_many
0,1214606,1235,8,4,2,2,multimat-right-multirow-both,8_2_4_2,128_128_1_2,49152,128,128,16384,1,2,1x2,one_to_many
0,577608,2597,8,4,2,4,multimat-right-multirow-both,8_2_4_4,128_128_1_2,49152,128,128,16384,1,2,1x2,one_to_many
0,484877,3095,8,1,4,1,multimat-right-multirow-both,8_4_1_1,128_128_1_2,49152,128,128,16384,1,2,1x2,one_to_many
0,438452,3422,8,1,4,2,multimat-right-multirow-both,8_4_1_2,128_128_1_2,49152,128,128,16384,1,2,1x2,one_to_many
0,442058,3393,8,1,4,4,multimat-right-multirow-both,8_4_1_4,128_128_1_2,49152,128,128,16384,1,2,1x2,one_to_many
0,669723,2240,8,2,4,1,multimat-right-multirow-both,8_4_2_1,128_128_1_2,49152,128,128,16384,1,2,1x2,one_to_many
0,537900,2790,8,2,4,2,multimat-right-multirow-both,8_4_2_2,128_128_1_2,49152,128,128,16384,1,2,1x2,one_to_many
0,494347,3034,8,2,4,4,multimat-right-multirow-both,8_4_2_4,128_128_1_2,49152,128,128,16384,1,2,1x2,one_to_many
0,748301,2005,8,4,4,2,multimat-right-multirow-both,8_4_4_2,128_128_1_2,49152,128,128,16384,1,2,1x2,one_to_many
0,574811,2610,8,4,4,4,multimat-right-multirow-both,8_4_4_4,128_128_1_2,49152,128,128,16384,1,2,1x2,one_to_many
0,488794,3075,4,1,1,1,multimat-right-multirow-both,4_1_1_1,64_64_1_32,135168,64,64,4096,1,32,1x32,one_to_many
0,499629,3038,4,1,1,2,multimat-right-multirow-both,4_1_1_2,64_64_1_32,135168,64,64,4096,1,32,1x32,one_to_many
0,480620,3162,4,1,1,4,multimat-right-multirow-both,4_1_1_4,64_64_1_32,135168,64,64,4096,1,32,1x32,one_to_many
0,344442,4455,4,2,1,1,multimat-right-multirow-both,4_1_2_1,64_64_1_32,135168,64,64,4096,1,32,1x32,one_to_many
0,308730,4924,4,2,1,2,multimat-right-multirow-both,4_1_2_2,64_64_1_32,135168,64,64,4096,1,32,1x32,one_to_many
0,295976,5100,4,2,1,4,multimat-right-multirow-both,4_1_2_4,64_64_1_32,135168,64,64,4096,1,32,1x32,one_to_many
0,312480,4802,4,4,1,1,multimat-right-multirow-both,4_1_4_1,64_64_1_32,135168,64,64,4096,1,32,1x32,one_to_many
0,250602,5987,4,4,1,2,multimat-right-multirow-both,4_1_4_2,64_64_1_32,135168,64,64,4096,1,32,1x32,one_to_many
0,207502,7234,4,4,1,4,multimat-right-multirow-both,4_1_4_4,64_64_1_32,135168,64,64,4096,1,32,1x32,one_to_many
0,332615,4652,4,1,2,1,multimat-right-multirow-both,4_2_1_1,64_64_1_32,135168,64,64,4096,1,32,1x32,one_to_many
0,351589,4317,4,1,2,2,multimat-right-multirow-both,4_2_1_2,64_64_1_32,135168,64,64,4096,1,32,1x32,one_to_many
0,348687,4324,4,1,2,4,multimat-right-multirow-both,4_2_1_4,64_64_1_32,135168,64,64,4096,1,32,1x32,one_to_many
0,279772,5403,4,2,2,1,multimat-right-multirow-both,4_2_2_1,64_64_1_32,135168,64,64,4096,1,32,1x32,one_to_many
0,241687,6242,4,2,2,2,multimat-right-multirow-both,4_2_2_2,64_64_1_32,135168,64,64,4096,1,32,1x32,one_to_many
0,217053,6995,4,2,2,4,multimat-right-multirow-both,4_2_2_4,64_64_1_32,135168,64,64,4096,1,32,1x32,one_to_many
0,350921,4274,4,4,2,1,multimat-right-multirow-both,4_2_4_1,64_64_1_32,135168,64,64,4096,1,32,1x32,one_to_many
0,314966,4763,4,4,2,2,multimat-right-multirow-both,4_2_4_2,64_64_1_32,135168,64,64,4096,1,32,1x32,one_to_many
0,209402,7165,4,4,2,4,multimat-right-multirow-both,4_2_4_4,64_64_1_32,135168,64,64,4096,1,32,1x32,one_to_many
0,277012,5463,4,1,4,1,multimat-right-multirow-both,4_4_1_1,64_64_1_32,135168,64,64,4096,1,32,1x32,one_to_many
0,276896,5438,4,1,4,2,multimat-right-multirow-both,4_4_1_2,64_64_1_32,135168,64,64,4096,1,32,1x32,one_to_many
0,272744,5518,4,1,4,4,multimat-right-multirow-both,4_4_1_4,64_64_1_32,135168,64,64,4096,1,32,1x32,one_to_many
0,386297,3884,4,2,4,1,multimat-right-multirow-both,4_4_2_1,64_64_1_32,135168,64,64,4096,1,32,1x32,one_to_many
0,362286,4141,4,2,4,2,multimat-right-multirow-both,4_4_2_2,64_64_1_32,135168,64,64,4096,1,32,1x32,one_to_many
0,263893,5683,4,2,4,4,multimat-right-multirow-both,4_4_2_4,64_64_1_32,135168,64,64,4096,1,32,1x32,one_to_many
0,299675,5007,4,4,4,1,multimat-right-multirow-both,4_4_4_1,64_64_1_32,135168,64,64,4096,1,32,1x32,one_to_many
0,210969,7109,4,4,4,2,multimat-right-multirow-both,4_4_4_2,64_64_1_32,135168,64,64,4096,1,32,1x32,one_to_many
0,153515,9777,4,4,4,4,multimat-right-multirow-both,4_4_4_4,64_64_1_32,135168,64,64,4096,1,32,1x32,one_to_many
0,505900,2966,8,1,1,1,multimat-right-multirow-both,8_1_1_1,64_64_1_32,135168,64,64,4096,1,32,1x32,one_to_many
0,512723,2931,8,1,1,2,multimat-right-multirow-both,8_1_1_2,64_64_1_32,135168,64,64,4096,1,32,1x32,one_to_many
0,478836,3159,8,1,1,4,multimat-right-multirow-both,8_1_1_4,64_64_1_32,135168,64,64,4096,1,32,1x32,one_to_many
0,392186,3827,8,2,1,1,multimat-right-multirow-both,8_1_2_1,64_64_1_32,135168,64,64,4096,1,32,1x32,one_to_many
0,325485,4606,8,2,1,2,multimat-right-multirow-both,8_1_2_2,64_64_1_32,135168,64,64,4096,1,32,1x32,one_to_many
0,338075,4443,8,2,1,4,multimat-right-multirow-both,8_1_2_4,64_64_1_32,135168,64,64,4096,1,32,1x32,one_to_many
0,427015,3513,8,4,1,1,multimat-right-multirow-both,8_1_4_1,64_64_1_32,135168,64,64,4096,1,32,1x32,one_to_many
0,337199,4449,8,4,1,2,multimat-right-multirow-both,8_1_4_2,64_64_1_32,135168,64,64,4096,1,32,1x32,one_to_many
0,281071,5337,8,4,1,4,multimat-right-multirow-both,8_1_4_4,64_64_1_32,135168,64,64,4096,1,32,1x32,one_to_many
0,374438,4001,8,1,2,1,multimat-right-multirow-both,8_2_1_1,64_64_1_32,135168,64,64,4096,1,32,1x32,one_to_many
0,384296,3907,8,1,2,2,multimat-right-multirow-both,8_2_1_2,64_64_1_32,135168,64,64,4096,1,32,1x32,one_to_many
0,368356,4079,8,1,2,4,multimat-right-multirow-both,8_2_1_4,64_64_1_32,135168,64,64,4096,1,32,1x32,one_to_many
0,413559,3628,8,2,2,1,multimat-right-multirow-both,8_2_2_1,64_64_1_32,135168,64,64,4096,1,32,1x32,one_to_many
0,346299,4332,8,2,2,2,multimat-right-multirow-both,8_2_2_2,64_64_1_32,135168,64,64,4096,1,32,1x32,one_to_many
0,311129,4821,8,2,2,4,multimat-right-multirow-both,8_2_2_4,64_64_1_32,135168,64,64,4096,1,32,1x32,one_to_many
0,267045,5615,8,4,2,1,multimat-right-multirow-both,8_2_4_1,64_64_1_32,135168,64,64,4096,1,32,1x32,one_to_many
0,304616,4924,8,4,2,2,multimat-right-multirow-both,8_2_4_2,64_64_1_32,135168,64,64,4096,1,32,1x32,one_to_many
0,160195,9353,8,4,2,4,multimat-right-multirow-both,8_2_4_4,64_64_1_32,135168,64,64,4096,1,32,1x32,one_to_many
0,405218,3702,8,1,4,1,multimat-right-multirow-both,8_4_1_1,64_64_1_32,135168,64,64,4096,1,32,1x32,one_to_many
0,407395,3682,8,1,4,2,multimat-right-multirow-both,8_4_1_2,64_64_1_32,135168,64,64,4096,1,32,1x32,one_to_many
0,405119,3703,8,1,4,4,multimat-right-multirow-both,8_4_1_4,64_64_1_32,135168,64,64,4096,1,32,1x32,one_to_many
0,369471,4061,8,2,4,1,multimat-right-multirow-both,8_4_2_1,64_64_1_32,135168,64,64,4096,1,32,1x32,one_to_many
0,356675,4206,8,2,4,2,multimat-right-multirow-both,8_4_2_2,64_64_1_32,135168,64,64,4096,1,32,1x32,one_to_many
0,236317,6347,8,2,4,4,multimat-right-multirow-both,8_4_2_4,64_64_1_32,135168,64,64,4096,1,32,1x32,one_to_many
0,411578,3645,8,4,4,1,multimat-right-multirow-both,8_4_4_1,64_64_1_32,135168,64,64,4096,1,32,1x32,one_to_many
0,294003,5103,8,4,4,2,multimat-right-multirow-both,8_4_4_2,64_64_1_32,135168,64,64,4096,1,32,1x32,one_to_many
0,225524,6651,8,4,4,4,multimat-right-multirow-both,8_4_4_4,64_64_1_32,135168,64,64,4096,1,32,1x32,one_to_many
0,916976,1636,4,4,1,2,multimat-right-multirow-both,4_1_4_2,128_128_1_8,147456,128,128,16384,1,8,1x8,one_to_many
0,1670632,898,4,1,1,1,multimat-right-multirow-both,4_1_1_1,128_128_1_8,147456,128,128,16384,1,8,1x8,one_to_many
0,1708878,883,4,1,1,2,multimat-right-multirow-both,4_1_1_2,128_128_1_8,147456,128,128,16384,1,8,1x8,one_to_many
0,1631514,927,4,1,1,4,multimat-right-multirow-both,4_1_1_4,128_128_1_8,147456,128,128,16384,1,8,1x8,one_to_many
0,1258906,1192,4,2,1,1,multimat-right-multirow-both,4_1_2_1,128_128_1_8,147456,128,128,16384,1,8,1x8,one_to_many
0,1196469,1253,4,2,1,2,multimat-right-multirow-both,4_1_2_2,128_128_1_8,147456,128,128,16384,1,8,1x8,one_to_many
0,1123689,1340,4,2,1,4,multimat-right-multirow-both,4_1_2_4,128_128_1_8,147456,128,128,16384,1,8,1x8,one_to_many
0,1186431,1265,4,4,1,1,multimat-right-multirow-both,4_1_4_1,128_128_1_8,147456,128,128,16384,1,8,1x8,one_to_many
0,761309,1971,4,4,1,4,multimat-right-multirow-both,4_1_4_4,128_128_1_8,147456,128,128,16384,1,8,1x8,one_to_many
0,1246710,1207,4,1,2,1,multimat-right-multirow-both,4_2_1_1,128_128_1_8,147456,128,128,16384,1,8,1x8,one_to_many
0,1304684,1150,4,1,2,2,multimat-right-multirow-both,4_2_1_2,128_128_1_8,147456,128,128,16384,1,8,1x8,one_to_many
0,1233367,1220,4,1,2,4,multimat-right-multirow-both,4_2_1_4,128_128_1_8,147456,128,128,16384,1,8,1x8,one_to_many
0,1108722,1354,4,2,2,1,multimat-right-multirow-both,4_2_2_1,128_128_1_8,147456,128,128,16384,1,8,1x8,one_to_many
0,939697,1597,4,2,2,2,multimat-right-multirow-both,4_2_2_2,128_128_1_8,147456,128,128,16384,1,8,1x8,one_to_many
0,843981,1778,4,2,2,4,multimat-right-multirow-both,4_2_2_4,128_128_1_8,147456,128,128,16384,1,8,1x8,one_to_many
0,1232799,1217,4,4,2,1,multimat-right-multirow-both,4_2_4_1,128_128_1_8,147456,128,128,16384,1,8,1x8,one_to_many
0,1201833,1249,4,4,2,2,multimat-right-multirow-both,4_2_4_2,128_128_1_8,147456,128,128,16384,1,8,1x8,one_to_many
0,700669,2141,4,4,2,4,multimat-right-multirow-both,4_2_4_4,128_128_1_8,147456,128,128,16384,1,8,1x8,one_to_many
0,1105858,1357,4,1,4,1,multimat-right-multirow-both,4_4_1_1,128_128_1_8,147456,128,128,16384,1,8,1x8,one_to_many
0,1113299,1348,4,1,4,2,multimat-right-multirow-both,4_4_1_2,128_128_1_8,147456,128,128,16384,1,8,1x8,one_to_many
0,1112705,1350,4,1,4,4,multimat-right-multirow-both,4_4_1_4,128_128_1_8,147456,128,128,16384,1,8,1x8,one_to_many
0,1393353,1077,4,2,4,1,multimat-right-multirow-both,4_4_2_1,128_128_1_8,147456,128,128,16384,1,8,1x8,one_to_many
0,1393327,1077,4,2,4,2,multimat-right-multirow-both,4_4_2_2,128_128_1_8,147456,128,128,16384,1,8,1x8,one_to_many
0,931139,1611,4,2,4,4,multimat-right-multirow-both,4_4_2_4,128_128_1_8,147456,128,128,16384,1,8,1x8,one_to_many
0,1201907,1249,4,4,4,1,multimat-right-multirow-both,4_4_4_1,128_128_1_8,147456,128,128,16384,1,8,1x8,one_to_many
0,835626,1796,4,4,4,2,multimat-right-multirow-both,4_4_4_2,128_128_1_8,147456,128,128,16384,1,8,1x8,one_to_many
0,569585,2634,4,4,4,4,multimat-right-multirow-both,4_4_4_4,128_128_1_8,147456,128,128,16384,1,8,1x8,one_to_many
0,1755583,852,8,1,1,1,multimat-right-multirow-both,8_1_1_1,128_128_1_8,147456,128,128,16384,1,8,1x8,one_to_many
0,1790742,839,8,1,1,2,multimat-right-multirow-both,8_1_1_2,128_128_1_8,147456,128,128,16384,1,8,1x8,one_to_many
0,1634330,920,8,1,1,4,multimat-right-multirow-both,8_1_1_4,128_128_1_8,147456,128,128,16384,1,8,1x8,one_to_many
0,1473002,1019,8,2,1,1,multimat-right-multirow-both,8_1_2_1,128_128_1_8,147456,128,128,16384,1,8,1x8,one_to_many
0,1320967,1136,8,2,1,2,multimat-right-multirow-both,8_1_2_2,128_128_1_8,147456,128,128,16384,1,8,1x8,one_to_many
0,1170986,1280,8,2,1,4,multimat-right-multirow-both,8_1_2_4,128_128_1_8,147456,128,128,16384,1,8,1x8,one_to_many
0,1623162,925,8,4,1,1,multimat-right-multirow-both,8_1_4_1,128_128_1_8,147456,128,128,16384,1,8,1x8,one_to_many
0,1229976,1220,8,4,1,2,multimat-right-multirow-both,8_1_4_2,128_128_1_8,147456,128,128,16384,1,8,1x8,one_to_many
0,1035810,1449,8,4,1,4,multimat-right-multirow-both,8_1_4_4,128_128_1_8,147456,128,128,16384,1,8,1x8,one_to_many
0,1456852,1029,8,1,2,1,multimat-right-multirow-both,8_2_1_1,128_128_1_8,147456,128,128,16384,1,8,1x8,one_to_many
0,1400447,1070,8,1,2,2,multimat-right-multirow-both,8_2_1_2,128_128_1_8,147456,128,128,16384,1,8,1x8,one_to_many
0,1307022,1145,8,1,2,4,multimat-right-multirow-both,8_2_1_4,128_128_1_8,147456,128,128,16384,1,8,1x8,one_to_many
0,1453316,1033,8,2,2,1,multimat-right-multirow-both,8_2_2_1,128_128_1_8,147456,128,128,16384,1,8,1x8,one_to_many
0,1235430,1215,8,2,2,2,multimat-right-multirow-both,8_2_2_2,128_128_1_8,147456,128,128,16384,1,8,1x8,one_to_many
0,1106380,1356,8,2,2,4,multimat-right-multirow-both,8_2_2_4,128_128_1_8,147456,128,128,16384,1,8,1x8,one_to_many
0,1106852,1356,8,4,2,1,multimat-right-multirow-both,8_2_4_1,128_128_1_8,147456,128,128,16384,1,8,1x8,one_to_many
0,1225950,1224,8,4,2,2,multimat-right-multirow-both,8_2_4_2,128_128_1_8,147456,128,128,16384,1,8,1x8,one_to_many
0,639582,2345,8,4,2,4,multimat-right-multirow-both,8_2_4_4,128_128_1_8,147456,128,128,16384,1,8,1x8,one_to_many
0,1456076,1031,8,1,4,1,multimat-right-multirow-both,8_4_1_1,128_128_1_8,147456,128,128,16384,1,8,1x8,one_to_many
0,1462886,1026,8,1,4,2,multimat-right-multirow-both,8_4_1_2,128_128_1_8,147456,128,128,16384,1,8,1x8,one_to_many
0,1455990,1031,8,1,4,4,multimat-right-multirow-both,8_4_1_4,128_128_1_8,147456,128,128,16384,1,8,1x8,one_to_many
0,1447906,1037,8,2,4,1,multimat-right-multirow-both,8_4_2_1,128_128_1_8,147456,128,128,16384,1,8,1x8,one_to_many
0,1418302,1058,8,2,4,2,multimat-right-multirow-both,8_4_2_2,128_128_1_8,147456,128,128,16384,1,8,1x8,one_to_many
0,933391,1608,8,2,4,4,multimat-right-multirow-both,8_4_2_4,128_128_1_8,147456,128,128,16384,1,8,1x8,one_to_many
0,1791230,838,8,4,4,1,multimat-right-multirow-both,8_4_4_1,128_128_1_8,147456,128,128,16384,1,8,1x8,one_to_many
0,1243782,1206,8,4,4,2,multimat-right-multirow-both,8_4_4_2,128_128_1_8,147456,128,128,16384,1,8,1x8,one_to_many
0,938567,1599,8,4,4,4,multimat-right-multirow-both,8_4_4_4,128_128_1_8,147456,128,128,16384,1,8,1x8,one_to_many
0,6094897,248,4,1,1,1,multimat-right-multirow-both,4_1_1_1,256_256_1_2,196608,256,256,65536,1,2,1x2,one_to_many
0,6280672,240,4,1,1,2,multimat-right-multirow-both,4_1_1_2,256_256_1_2,196608,256,256,65536,1,2,1x2,one_to_many
0,5980643,254,4,1,1,4,multimat-right-multirow-both,4_1_1_4,256_256_1_2,196608,256,256,65536,1,2,1x2,one_to_many
0,4256816,357,4,2,1,1,multimat-right-multirow-both,4_1_2_1,256_256_1_2,196608,256,256,65536,1,2,1x2,one_to_many
0,4175812,360,4,2,1,2,multimat-right-multirow-both,4_1_2_2,256_256_1_2,196608,256,256,65536,1,2,1x2,one_to_many
0,4129664,362,4,2,1,4,multimat-right-multirow-both,4_1_2_4,256_256_1_2,196608,256,256,65536,1,2,1x2,one_to_many
0,4658368,322,4,4,1,1,multimat-right-multirow-both,4_1_4_1,256_256_1_2,196608,256,256,65536,1,2,1x2,one_to_many
0,3622354,415,4,4,1,2,multimat-right-multirow-both,4_1_4_2,256_256_1_2,196608,256,256,65536,1,2,1x2,one_to_many
0,2966979,506,4,4,1,4,multimat-right-multirow-both,4_1_4_4,256_256_1_2,196608,256,256,65536,1,2,1x2,one_to_many
0,4309955,351,4,1,2,1,multimat-right-multirow-both,4_2_1_1,256_256_1_2,196608,256,256,65536,1,2,1x2,one_to_many
0,5076653,296,4,1,2,2,multimat-right-multirow-both,4_2_1_2,256_256_1_2,196608,256,256,65536,1,2,1x2,one_to_many
0,4504092,333,4,1,2,4,multimat-right-multirow-both,4_2_1_4,256_256_1_2,196608,256,256,65536,1,2,1x2,one_to_many
0,4675724,321,4,2,2,1,multimat-right-multirow-both,4_2_2_1,256_256_1_2,196608,256,256,65536,1,2,1x2,one_to_many
0,3946294,381,4,2,2,2,multimat-right-multirow-both,4_2_2_2,256_256_1_2,196608,256,256,65536,1,2,1x2,one_to_many
0,3526204,426,4,2,2,4,multimat-right-multirow-both,4_2_2_4,256_256_1_2,196608,256,256,65536,1,2,1x2,one_to_many
0,4763518,315,4,4,2,1,multimat-right-multirow-both,4_2_4_1,256_256_1_2,196608,256,256,65536,1,2,1x2,one_to_many
0,4846305,310,4,4,2,2,multimat-right-multirow-both,4_2_4_2,256_256_1_2,196608,256,256,65536,1,2,1x2,one_to_many
0,2674709,561,4,4,2,4,multimat-right-multirow-both,4_2_4_4,256_256_1_2,196608,256,256,65536,1,2,1x2,one_to_many
0,5001625,300,4,1,4,1,multimat-right-multirow-both,4_4_1_1,256_256_1_2,196608,256,256,65536,1,2,1x2,one_to_many
0,5198277,289,4,1,4,2,multimat-right-multirow-both,4_4_1_2,256_256_1_2,196608,256,256,65536,1,2,1x2,one_to_many
0,4723560,318,4,1,4,4,multimat-right-multirow-both,4_4_1_4,256_256_1_2,196608,256,256,65536,1,2,1x2,one_to_many
0,4678094,321,4,2,4,1,multimat-right-multirow-both,4_4_2_1,256_256_1_2,196608,256,256,65536,1,2,1x2,one_to_many
0,3898791,385,4,2,4,2,multimat-right-multirow-both,4_4_2_2,256_256_1_2,196608,256,256,65536,1,2,1x2,one_to_many
0,3427858,438,4,2,4,4,multimat-right-multirow-both,4_4_2_4,256_256_1_2,196608,256,256,65536,1,2,1x2,one_to_many
0,4737925,317,4,4,4,1,multimat-right-multirow-both,4_4_4_1,256_256_1_2,196608,256,256,65536,1,2,1x2,one_to_many
0,3409182,440,4,4,4,2,multimat-right-multirow-both,4_4_4_2,256_256_1_2,196608,256,256,65536,1,2,1x2,one_to_many
0,2664518,563,4,4,4,4,multimat-right-multirow-both,4_4_4_4,256_256_1_2,196608,256,256,65536,1,2,1x2,one_to_many
0,6478884,232,8,1,1,1,multimat-right-multirow-both,8_1_1_1,256_256_1_2,196608,256,256,65536,1,2,1x2,one_to_many
0,6500613,231,8,1,1,2,multimat-right-multirow-both,8_1_1_2,256_256_1_2,196608,256,256,65536,1,2,1x2,one_to_many
0,5975007,253,8,1,1,4,multimat-right-multirow-both,8_1_1_4,256_256_1_2,196608,256,256,65536,1,2,1x2,one_to_many
0,5935307,253,8,2,1,1,multimat-right-multirow-both,8_1_2_1,256_256_1_2,196608,256,256,65536,1,2,1x2,one_to_many
0,4996361,301,8,2,1,2,multimat-right-multirow-both,8_1_2_2,256_256_1_2,196608,256,256,65536,1,2,1x2,one_to_many
0,4771166,315,8,2,1,4,multimat-right-multirow-both,8_1_2_4,256_256_1_2,196608,256,256,65536,1,2,1x2,one_to_many
0,5649793,266,8,4,1,1,multimat-right-multirow-both,8_1_4_1,256_256_1_2,196608,256,256,65536,1,2,1x2,one_to_many
0,4318658,348,8,4,1,2,multimat-right-multirow-both,8_1_4_2,256_256_1_2,196608,256,256,65536,1,2,1x2,one_to_many
0,3567362,421,8,4,1,4,multimat-right-multirow-both,8_1_4_4,256_256_1_2,196608,256,256,65536,1,2,1x2,one_to_many
0,6013234,250,8,1,2,1,multimat-right-multirow-both,8_2_1_1,256_256_1_2,196608,256,256,65536,1,2,1x2,one_to_many
0,5763903,261,8,1,2,2,multimat-right-multirow-both,8_2_1_2,256_256_1_2,196608,256,256,65536,1,2,1x2,one_to_many
0,4895227,307,8,1,2,4,multimat-right-multirow-both,8_2_1_4,256_256_1_2,196608,256,256,65536,1,2,1x2,one_to_many
0,5648002,266,8,2,2,1,multimat-right-multirow-both,8_2_2_1,256_256_1_2,196608,256,256,65536,1,2,1x2,one_to_many
0,4751042,316,8,2,2,2,multimat-right-multirow-both,8_2_2_2,256_256_1_2,196608,256,256,65536,1,2,1x2,one_to_many
0,4265506,352,8,2,2,4,multimat-right-multirow-both,8_2_2_4,256_256_1_2,196608,256,256,65536,1,2,1x2,one_to_many
0,4286686,350,8,4,2,1,multimat-right-multirow-both,8_2_4_1,256_256_1_2,196608,256,256,65536,1,2,1x2,one_to_many
0,4901497,307,8,4,2,2,multimat-right-multirow-both,8_2_4_2,256_256_1_2,196608,256,256,65536,1,2,1x2,one_to_many
0,2365087,635,8,4,2,4,multimat-right-multirow-both,8_2_4_4,256_256_1_2,196608,256,256,65536,1,2,1x2,one_to_many
0,5757449,261,8,1,4,1,multimat-right-multirow-both,8_4_1_1,256_256_1_2,196608,256,256,65536,1,2,1x2,one_to_many
0,5685147,264,8,1,4,2,multimat-right-multirow-both,8_4_1_2,256_256_1_2,196608,256,256,65536,1,2,1x2,one_to_many
0,4958211,303,8,1,4,4,multimat-right-multirow-both,8_4_1_4,256_256_1_2,196608,256,256,65536,1,2,1x2,one_to_many
0,5639921,266,8,2,4,1,multimat-right-multirow-both,8_4_2_1,256_256_1_2,196608,256,256,65536,1,2,1x2,one_to_many
0,4709748,319,8,2,4,2,multimat-right-multirow-both,8_4_2_2,256_256_1_2,196608,256,256,65536,1,2,1x2,one_to_many
0,4250467,353,8,2,4,4,multimat-right-multirow-both,8_4_2_4,256_256_1_2,196608,256,256,65536,1,2,1x2,one_to_many
0,4163260,361,8,4,4,1,multimat-right-multirow-both,8_4_4_1,256_256_1_2,196608,256,256,65536,1,2,1x2,one_to_many
0,3047619,493,8,4,4,2,multimat-right-multirow-both,8_4_4_2,256_256_1_2,196608,256,256,65536,1,2,1x2,one_to_many
0,2355191,637,8,4,4,4,multimat-right-multirow-both,8_4_4_4,256_256_1_2,196608,256,256,65536,1,2,1x2,one_to_many
0,6043375,252,4,1,1,1,multimat-right-multirow-both,4_1_1_1,128_128_1_32,540672,128,128,16384,1,32,1x32,one_to_many
0,6179097,247,4,1,1,2,multimat-right-multirow-both,4_1_1_2,128_128_1_32,540672,128,128,16384,1,32,1x32,one_to_many
0,6103666,250,4,1,1,4,multimat-right-multirow-both,4_1_1_4,128_128_1_32,540672,128,128,16384,1,32,1x32,one_to_many
0,4357231,351,4,2,1,1,multimat-right-multirow-both,4_1_2_1,128_128_1_32,540672,128,128,16384,1,32,1x32,one_to_many
0,3768253,403,4,2,1,2,multimat-right-multirow-both,4_1_2_2,128_128_1_32,540672,128,128,16384,1,32,1x32,one_to_many
0,3489789,436,4,2,1,4,multimat-right-multirow-both,4_1_2_4,128_128_1_32,540672,128,128,16384,1,32,1x32,one_to_many
0,3520618,431,4,4,1,1,multimat-right-multirow-both,4_1_4_1,128_128_1_32,540672,128,128,16384,1,32,1x32,one_to_many
0,2667873,571,4,4,1,2,multimat-right-multirow-both,4_1_4_2,128_128_1_32,540672,128,128,16384,1,32,1x32,one_to_many
0,2295287,663,4,4,1,4,multimat-right-multirow-both,4_1_4_4,128_128_1_32,540672,128,128,16384,1,32,1x32,one_to_many
0,4352648,352,4,1,2,1,multimat-right-multirow-both,4_2_1_1,128_128_1_32,540672,128,128,16384,1,32,1x32,one_to_many
0,4224862,362,4,1,2,2,multimat-right-multirow-both,4_2_1_2,128_128_1_32,540672,128,128,16384,1,32,1x32,one_to_many
0,4155406,367,4,1,2,4,multimat-right-multirow-both,4_2_1_4,128_128_1_32,540672,128,128,16384,1,32,1x32,one_to_many
0,3406398,444,4,2,2,1,multimat-right-multirow-both,4_2_2_1,128_128_1_32,540672,128,128,16384,1,32,1x32,one_to_many
0,2811697,541,4,2,2,2,multimat-right-multirow-both,4_2_2_2,128_128_1_32,540672,128,128,16384,1,32,1x32,one_to_many
0,2569122,595,4,2,2,4,multimat-right-multirow-both,4_2_2_4,128_128_1_32,540672,128,128,16384,1,32,1x32,one_to_many
0,3209455,467,4,4,2,1,multimat-right-multirow-both,4_2_4_1,128_128_1_32,540672,128,128,16384,1,32,1x32,one_to_many
0,2418475,630,4,4,2,2,multimat-right-multirow-both,4_2_4_2,128_128_1_32,540672,128,128,16384,1,32,1x32,one_to_many
0,1802346,855,4,4,2,4,multimat-right-multirow-both,4_2_4_4,128_128_1_32,540672,128,128,16384,1,32,1x32,one_to_many
0,3457024,439,4,1,4,1,multimat-right-multirow-both,4_4_1_1,128_128_1_32,540672,128,128,16384,1,32,1x32,one_to_many
0,3380148,447,4,1,4,2,multimat-right-multirow-both,4_4_1_2,128_128_1_32,540672,128,128,16384,1,32,1x32,one_to_many
0,3267221,463,4,1,4,4,multimat-right-multirow-both,4_4_1_4,128_128_1_32,540672,128,128,16384,1,32,1x32,one_to_many
0,3177638,474,4,2,4,1,multimat-right-multirow-both,4_4_2_1,128_128_1_32,540672,128,128,16384,1,32,1x32,one_to_many
0,2609766,581,4,2,4,2,multimat-right-multirow-both,4_4_2_2,128_128_1_32,540672,128,128,16384,1,32,1x32,one_to_many
0,2275763,668,4,2,4,4,multimat-right-multirow-both,4_4_2_4,128_128_1_32,540672,128,128,16384,1,32,1x32,one_to_many
0,3438378,437,4,4,4,1,multimat-right-multirow-both,4_4_4_1,128_128_1_32,540672,128,128,16384,1,32,1x32,one_to_many
0,2321606,647,4,4,4,2,multimat-right-multirow-both,4_4_4_2,128_128_1_32,540672,128,128,16384,1,32,1x32,one_to_many
0,1751451,869,4,4,4,4,multimat-right-multirow-both,4_4_4_4,128_128_1_32,540672,128,128,16384,1,32,1x32,one_to_many
0,6053790,251,8,1,1,1,multimat-right-multirow-both,8_1_1_1,128_128_1_32,540672,128,128,16384,1,32,1x32,one_to_many
0,6196361,246,8,1,1,2,multimat-right-multirow-both,8_1_1_2,128_128_1_32,540672,128,128,16384,1,32,1x32,one_to_many
0,6105419,250,8,1,1,4,multimat-right-multirow-both,8_1_1_4,128_128_1_32,540672,128,128,16384,1,32,1x32,one_to_many
0,4442780,343,8,2,1,1,multimat-right-multirow-both,8_1_2_1,128_128_1_32,540672,128,128,16384,1,32,1x32,one_to_many
0,3829490,395,8,2,1,2,multimat-right-multirow-both,8_1_2_2,128_128_1_32,540672,128,128,16384,1,32,1x32,one_to_many
0,3509344,434,8,2,1,4,multimat-right-multirow-both,8_1_2_4,128_128_1_32,540672,128,128,16384,1,32,1x32,one_to_many
0,3650002,413,8,4,1,1,multimat-right-multirow-both,8_1_4_1,128_128_1_32,540672,128,128,16384,1,32,1x32,one_to_many
0,2716530,558,8,4,1,2,multimat-right-multirow-both,8_1_4_2,128_128_1_32,540672,128,128,16384,1,32,1x32,one_to_many
0,2342001,648,8,4,1,4,multimat-right-multirow-both,8_1_4_4,128_128_1_32,540672,128,128,16384,1,32,1x32,one_to_many
0,4421848,345,8,1,2,1,multimat-right-multirow-both,8_2_1_1,128_128_1_32,540672,128,128,16384,1,32,1x32,one_to_many
0,4249713,359,8,1,2,2,multimat-right-multirow-both,8_2_1_2,128_128_1_32,540672,128,128,16384,1,32,1x32,one_to_many
0,4181212,367,8,1,2,4,multimat-right-multirow-both,8_2_1_4,128_128_1_32,540672,128,128,16384,1,32,1x32,one_to_many
0,3519999,430,8,2,2,1,multimat-right-multirow-both,8_2_2_1,128_128_1_32,540672,128,128,16384,1,32,1x32,one_to_many
0,2818442,542,8,2,2,2,multimat-right-multirow-both,8_2_2_2,128_128_1_32,540672,128,128,16384,1,32,1x32,one_to_many
0,2578509,594,8,2,2,4,multimat-right-multirow-both,8_2_2_4,128_128_1_32,540672,128,128,16384,1,32,1x32,one_to_many
0,3334468,451,8,4,2,1,multimat-right-multirow-both,8_2_4_1,128_128_1_32,540672,128,128,16384,1,32,1x32,one_to_many
0,2475719,609,8,4,2,2,multimat-right-multirow-both,8_2_4_2,128_128_1_32,540672,128,128,16384,1,32,1x32,one_to_many
0,1803453,846,8,4,2,4,multimat-right-multirow-both,8_2_4_4,128_128_1_32,540672,128,128,16384,1,32,1x32,one_to_many
0,3520838,430,8,1,4,1,multimat-right-multirow-both,8_4_1_1,128_128_1_32,540672,128,128,16384,1,32,1x32,one_to_many
0,3498852,435,8,1,4,2,multimat-right-multirow-both,8_4_1_2,128_128_1_32,540672,128,128,16384,1,32,1x32,one_to_many
0,3339778,456,8,1,4,4,multimat-right-multirow-both,8_4_1_4,128_128_1_32,540672,128,128,16384,1,32,1x32,one_to_many
0,3307279,455,8,2,4,1,multimat-right-multirow-both,8_4_2_1,128_128_1_32,540672,128,128,16384,1,32,1x32,one_to_many
0,2725154,558,8,2,4,2,multimat-right-multirow-both,8_4_2_2,128_128_1_32,540672,128,128,16384,1,32,1x32,one_to_many
0,2407656,631,8,2,4,4,multimat-right-multirow-both,8_4_2_4,128_128_1_32,540672,128,128,16384,1,32,1x32,one_to_many
0,3406590,441,8,4,4,1,multimat-right-multirow-both,8_4_4_1,128_128_1_32,540672,128,128,16384,1,32,1x32,one_to_many
0,2382524,631,8,4,4,2,multimat-right-multirow-both,8_4_4_2,128_128_1_32,540672,128,128,16384,1,32,1x32,one_to_many
0,1963581,765,8,4,4,4,multimat-right-multirow-both,8_4_4_4,128_128_1_32,540672,128,128,16384,1,32,1x32,one_to_many
0,8159683,186,4,2,4,4,multimat-right-multirow-both,4_4_2_4,256_256_1_8,589824,256,256,65536,1,8,1x8,one_to_many
0,21372068,56,4,1,1,1,multimat-right-multirow-both,4_1_1_1,256_256_1_8,589824,256,256,65536,1,8,1x8,one_to_many
0,21869530,56,4,1,1,2,multimat-right-multirow-both,4_1_1_2,256_256_1_8,589824,256,256,65536,1,8,1x8,one_to_many
0,21625874,56,4,1,1,4,multimat-right-multirow-both,4_1_1_4,256_256_1_8,589824,256,256,65536,1,8,1x8,one_to_many
0,15488527,70,4,2,1,1,multimat-right-multirow-both,4_1_2_1,256_256_1_8,589824,256,256,65536,1,8,1x8,one_to_many
0,13409638,80,4,2,1,2,multimat-right-multirow-both,4_1_2_2,256_256_1_8,589824,256,256,65536,1,8,1x8,one_to_many
0,12370593,84,4,2,1,4,multimat-right-multirow-both,4_1_2_4,256_256_1_8,589824,256,256,65536,1,8,1x8,one_to_many
0,12662436,82,4,4,1,1,multimat-right-multirow-both,4_1_4_1,256_256_1_8,589824,256,256,65536,1,8,1x8,one_to_many
0,9573698,159,4,4,1,2,multimat-right-multirow-both,4_1_4_2,256_256_1_8,589824,256,256,65536,1,8,1x8,one_to_many
0,8178814,186,4,4,1,4,multimat-right-multirow-both,4_1_4_4,256_256_1_8,589824,256,256,65536,1,8,1x8,one_to_many
0,15446926,72,4,1,2,1,multimat-right-multirow-both,4_2_1_1,256_256_1_8,589824,256,256,65536,1,8,1x8,one_to_many
0,15009133,73,4,1,2,2,multimat-right-multirow-both,4_2_1_2,256_256_1_8,589824,256,256,65536,1,8,1x8,one_to_many
0,14776154,74,4,1,2,4,multimat-right-multirow-both,4_2_1_4,256_256_1_8,589824,256,256,65536,1,8,1x8,one_to_many
0,12234131,83,4,2,2,1,multimat-right-multirow-both,4_2_2_1,256_256_1_8,589824,256,256,65536,1,8,1x8,one_to_many
0,10118854,150,4,2,2,2,multimat-right-multirow-both,4_2_2_2,256_256_1_8,589824,256,256,65536,1,8,1x8,one_to_many
0,9244063,165,4,2,2,4,multimat-right-multirow-both,4_2_2_4,256_256_1_8,589824,256,256,65536,1,8,1x8,one_to_many
0,12212686,82,4,4,2,1,multimat-right-multirow-both,4_2_4_1,256_256_1_8,589824,256,256,65536,1,8,1x8,one_to_many
0,8936320,169,4,4,2,2,multimat-right-multirow-both,4_2_4_2,256_256_1_8,589824,256,256,65536,1,8,1x8,one_to_many
0,6364991,240,4,4,2,4,multimat-right-multirow-both,4_2_4_4,256_256_1_8,589824,256,256,65536,1,8,1x8,one_to_many
0,12509356,83,4,1,4,1,multimat-right-multirow-both,4_4_1_1,256_256_1_8,589824,256,256,65536,1,8,1x8,one_to_many
0,12210497,86,4,1,4,2,multimat-right-multirow-both,4_4_1_2,256_256_1_8,589824,256,256,65536,1,8,1x8,one_to_many
0,11839840,128,4,1,4,4,multimat-right-multirow-both,4_4_1_4,256_256_1_8,589824,256,256,65536,1,8,1x8,one_to_many
0,12080071,125,4,2,4,1,multimat-right-multirow-both,4_4_2_1,256_256_1_8,589824,256,256,65536,1,8,1x8,one_to_many
0,9823310,154,4,2,4,2,multimat-right-multirow-both,4_4_2_2,256_256_1_8,589824,256,256,65536,1,8,1x8,one_to_many
0,13094604,77,4,4,4,1,multimat-right-multirow-both,4_4_4_1,256_256_1_8,589824,256,256,65536,1,8,1x8,one_to_many
0,8809777,171,4,4,4,2,multimat-right-multirow-both,4_4_4_2,256_256_1_8,589824,256,256,65536,1,8,1x8,one_to_many
0,6827664,220,4,4,4,4,multimat-right-multirow-both,4_4_4_4,256_256_1_8,589824,256,256,65536,1,8,1x8,one_to_many
0,21602341,55,8,1,1,1,multimat-right-multirow-both,8_1_1_1,256_256_1_8,589824,256,256,65536,1,8,1x8,one_to_many
0,22034658,54,8,1,1,2,multimat-right-multirow-both,8_1_1_2,256_256_1_8,589824,256,256,65536,1,8,1x8,one_to_many
0,21637511,55,8,1,1,4,multimat-right-multirow-both,8_1_1_4,256_256_1_8,589824,256,256,65536,1,8,1x8,one_to_many
0,15879009,71,8,2,1,1,multimat-right-multirow-both,8_1_2_1,256_256_1_8,589824,256,256,65536,1,8,1x8,one_to_many
0,13685827,76,8,2,1,2,multimat-right-multirow-both,8_1_2_2,256_256_1_8,589824,256,256,65536,1,8,1x8,one_to_many
0,12454751,83,8,2,1,4,multimat-right-multirow-both,8_1_2_4,256_256_1_8,589824,256,256,65536,1,8,1x8,one_to_many
0,13525962,77,8,4,1,1,multimat-right-multirow-both,8_1_4_1,256_256_1_8,589824,256,256,65536,1,8,1x8,one_to_many
0,9704141,157,8,4,1,2,multimat-right-multirow-both,8_1_4_2,256_256_1_8,589824,256,256,65536,1,8,1x8,one_to_many
0,8321919,183,8,4,1,4,multimat-right-multirow-both,8_1_4_4,256_256_1_8,589824,256,256,65536,1,8,1x8,one_to_many
0,15840284,70,8,1,2,1,multimat-right-multirow-both,8_2_1_1,256_256_1_8,589824,256,256,65536,1,8,1x8,one_to_many
0,15163629,73,8,1,2,2,multimat-right-multirow-both,8_2_1_2,256_256_1_8,589824,256,256,65536,1,8,1x8,one_to_many
0,14886225,73,8,1,2,4,multimat-right-multirow-both,8_2_1_4,256_256_1_8,589824,256,256,65536,1,8,1x8,one_to_many
0,12766132,82,8,2,2,1,multimat-right-multirow-both,8_2_2_1,256_256_1_8,589824,256,256,65536,1,8,1x8,one_to_many
0,10126848,150,8,2,2,2,multimat-right-multirow-both,8_2_2_2,256_256_1_8,589824,256,256,65536,1,8,1x8,one_to_many
0,9225457,165,8,2,2,4,multimat-right-multirow-both,8_2_2_4,256_256_1_8,589824,256,256,65536,1,8,1x8,one_to_many
0,12280844,83,8,4,2,1,multimat-right-multirow-both,8_2_4_1,256_256_1_8,589824,256,256,65536,1,8,1x8,one_to_many
0,9283102,162,8,4,2,2,multimat-right-multirow-both,8_2_4_2,256_256_1_8,589824,256,256,65536,1,8,1x8,one_to_many
0,6305021,242,8,4,2,4,multimat-right-multirow-both,8_2_4_4,256_256_1_8,589824,256,256,65536,1,8,1x8,one_to_many
0,12685361,83,8,1,4,1,multimat-right-multirow-both,8_4_1_1,256_256_1_8,589824,256,256,65536,1,8,1x8,one_to_many
0,12571456,80,8,1,4,2,multimat-right-multirow-both,8_4_1_2,256_256_1_8,589824,256,256,65536,1,8,1x8,one_to_many
0,11998365,84,8,1,4,4,multimat-right-multirow-both,8_4_1_4,256_256_1_8,589824,256,256,65536,1,8,1x8,one_to_many
0,12391127,121,8,2,4,1,multimat-right-multirow-both,8_4_2_1,256_256_1_8,589824,256,256,65536,1,8,1x8,one_to_many
0,9821901,154,8,2,4,2,multimat-right-multirow-both,8_4_2_2,256_256_1_8,589824,256,256,65536,1,8,1x8,one_to_many
0,9423347,160,8,2,4,4,multimat-right-multirow-both,8_4_2_4,256_256_1_8,589824,256,256,65536,1,8,1x8,one_to_many
0,12836428,80,8,4,4,1,multimat-right-multirow-both,8_4_4_1,256_256_1_8,589824,256,256,65536,1,8,1x8,one_to_many
0,8886710,168,8,4,4,2,multimat-right-multirow-both,8_4_4_2,256_256_1_8,589824,256,256,65536,1,8,1x8,one_to_many
0,6568624,229,8,4,4,4,multimat-right-multirow-both,8_4_4_4,256_256_1_8,589824,256,256,65536,1,8,1x8,one_to_many
0,34474188,40,4,2,2,4,multimat-right-multirow-both,4_2_2_4,256_256_1_32,2162688,256,256,65536,1,32,1x32,one_to_many
0,38076521,36,4,2,2,2,multimat-right-multirow-both,4_2_2_2,256_256_1_32,2162688,256,256,65536,1,32,1x32,one_to_many
0,85281838,17,4,1,1,1,multimat-right-multirow-both,4_1_1_1,256_256_1_32,2162688,256,256,65536,1,32,1x32,one_to_many
0,87241972,17,4,1,1,2,multimat-right-multirow-both,4_1_1_2,256_256_1_32,2162688,256,256,65536,1,32,1x32,one_to_many
0,86404641,17,4,1,1,4,multimat-right-multirow-both,4_1_1_4,256_256_1_32,2162688,256,256,65536,1,32,1x32,one_to_many
0,59764139,24,4,2,1,1,multimat-right-multirow-both,4_1_2_1,256_256_1_32,2162688,256,256,65536,1,32,1x32,one_to_many
0,52199349,27,4,2,1,2,multimat-right-multirow-both,4_1_2_2,256_256_1_32,2162688,256,256,65536,1,32,1x32,one_to_many
0,48577358,29,4,2,1,4,multimat-right-multirow-both,4_1_2_4,256_256_1_32,2162688,256,256,65536,1,32,1x32,one_to_many
0,45313716,31,4,4,1,1,multimat-right-multirow-both,4_1_4_1,256_256_1_32,2162688,256,256,65536,1,32,1x32,one_to_many
0,35159667,39,4,4,1,2,multimat-right-multirow-both,4_1_4_2,256_256_1_32,2162688,256,256,65536,1,32,1x32,one_to_many
0,29872017,46,4,4,1,4,multimat-right-multirow-both,4_1_4_4,256_256_1_32,2162688,256,256,65536,1,32,1x32,one_to_many
0,59691731,24,4,1,2,1,multimat-right-multirow-both,4_2_1_1,256_256_1_32,2162688,256,256,65536,1,32,1x32,one_to_many
0,59163564,25,4,1,2,2,multimat-right-multirow-both,4_2_1_2,256_256_1_32,2162688,256,256,65536,1,32,1x32,one_to_many
0,58507421,25,4,1,2,4,multimat-right-multirow-both,4_2_1_4,256_256_1_32,2162688,256,256,65536,1,32,1x32,one_to_many
0,45262285,31,4,2,2,1,multimat-right-multirow-both,4_2_2_1,256_256_1_32,2162688,256,256,65536,1,32,1x32,one_to_many
0,38253848,36,4,4,2,1,multimat-right-multirow-both,4_2_4_1,256_256_1_32,2162688,256,256,65536,1,32,1x32,one_to_many
0,28435989,48,4,4,2,2,multimat-right-multirow-both,4_2_4_2,256_256_1_32,2162688,256,256,65536,1,32,1x32,one_to_many
0,22812834,57,4,4,2,4,multimat-right-multirow-both,4_2_4_4,256_256_1_32,2162688,256,256,65536,1,32,1x32,one_to_many
0,45197344,31,4,1,4,1,multimat-right-multirow-both,4_4_1_1,256_256_1_32,2162688,256,256,65536,1,32,1x32,one_to_many
0,45077109,31,4,1,4,2,multimat-right-multirow-both,4_4_1_2,256_256_1_32,2162688,256,256,65536,1,32,1x32,one_to_many
0,44521677,31,4,1,4,4,multimat-right-multirow-both,4_4_1_4,256_256_1_32,2162688,256,256,65536,1,32,1x32,one_to_many
0,38304053,36,4,2,4,1,multimat-right-multirow-both,4_4_2_1,256_256_1_32,2162688,256,256,65536,1,32,1x32,one_to_many
0,31574156,43,4,2,4,2,multimat-right-multirow-both,4_4_2_2,256_256_1_32,2162688,256,256,65536,1,32,1x32,one_to_many
0,27861819,47,4,2,4,4,multimat-right-multirow-both,4_4_2_4,256_256_1_32,2162688,256,256,65536,1,32,1x32,one_to_many
0,35557803,38,4,4,4,1,multimat-right-multirow-both,4_4_4_1,256_256_1_32,2162688,256,256,65536,1,32,1x32,one_to_many
0,24944240,51,4,4,4,2,multimat-right-multirow-both,4_4_4_2,256_256_1_32,2162688,256,256,65536,1,32,1x32,one_to_many
0,19933184,63,4,4,4,4,multimat-right-multirow-both,4_4_4_4,256_256_1_32,2162688,256,256,65536,1,32,1x32,one_to_many
0,84959831,17,8,1,1,1,multimat-right-multirow-both,8_1_1_1,256_256_1_32,2162688,256,256,65536,1,32,1x32,one_to_many
0,87055362,17,8,1,1,2,multimat-right-multirow-both,8_1_1_2,256_256_1_32,2162688,256,256,65536,1,32,1x32,one_to_many
0,86322064,17,8,1,1,4,multimat-right-multirow-both,8_1_1_4,256_256_1_32,2162688,256,256,65536,1,32,1x32,one_to_many
0,59406636,24,8,2,1,1,multimat-right-multirow-both,8_1_2_1,256_256_1_32,2162688,256,256,65536,1,32,1x32,one_to_many
0,51805451,27,8,2,1,2,multimat-right-multirow-both,8_1_2_2,256_256_1_32,2162688,256,256,65536,1,32,1x32,one_to_many
0,48210061,29,8,2,1,4,multimat-right-multirow-both,8_1_2_4,256_256_1_32,2162688,256,256,65536,1,32,1x32,one_to_many
0,45353452,31,8,4,1,1,multimat-right-multirow-both,8_1_4_1,256_256_1_32,2162688,256,256,65536,1,32,1x32,one_to_many
0,34869300,39,8,4,1,2,multimat-right-multirow-both,8_1_4_2,256_256_1_32,2162688,256,256,65536,1,32,1x32,one_to_many
0,29632033,45,8,4,1,4,multimat-right-multirow-both,8_1_4_4,256_256_1_32,2162688,256,256,65536,1,32,1x32,one_to_many
0,59328425,24,8,1,2,1,multimat-right-multirow-both,8_2_1_1,256_256_1_32,2162688,256,256,65536,1,32,1x32,one_to_many
0,58738315,25,8,1,2,2,multimat-right-multirow-both,8_2_1_2,256_256_1_32,2162688,256,256,65536,1,32,1x32,one_to_many
0,58253188,25,8,1,2,4,multimat-right-multirow-both,8_2_1_4,256_256_1_32,2162688,256,256,65536,1,32,1x32,one_to_many
0,45123881,31,8,2,2,1,multimat-right-multirow-both,8_2_2_1,256_256_1_32,2162688,256,256,65536,1,32,1x32,one_to_many
0,37869228,36,8,2,2,2,multimat-right-multirow-both,8_2_2_2,256_256_1_32,2162688,256,256,65536,1,32,1x32,one_to_many
0,34352743,40,8,2,2,4,multimat-right-multirow-both,8_2_2_4,256_256_1_32,2162688,256,256,65536,1,32,1x32,one_to_many
0,38170528,35,8,4,2,1,multimat-right-multirow-both,8_2_4_1,256_256_1_32,2162688,256,256,65536,1,32,1x32,one_to_many
0,28283855,46,8,4,2,2,multimat-right-multirow-both,8_2_4_2,256_256_1_32,2162688,256,256,65536,1,32,1x32,one_to_many
0,22578362,56,8,4,2,4,multimat-right-multirow-both,8_2_4_4,256_256_1_32,2162688,256,256,65536,1,32,1x32,one_to_many
0,44934152,31,8,1,4,1,multimat-right-multirow-both,8_4_1_1,256_256_1_32,2162688,256,256,65536,1,32,1x32,one_to_many
0,44697005,31,8,1,4,2,multimat-right-multirow-both,8_4_1_2,256_256_1_32,2162688,256,256,65536,1,32,1x32,one_to_many
0,44149957,31,8,1,4,4,multimat-right-multirow-both,8_4_1_4,256_256_1_32,2162688,256,256,65536,1,32,1x32,one_to_many
0,38074625,36,8,2,4,1,multimat-right-multirow-both,8_4_2_1,256_256_1_32,2162688,256,256,65536,1,32,1x32,one_to_many
0,31202233,43,8,2,4,2,multimat-right-multirow-both,8_4_2_2,256_256_1_32,2162688,256,256,65536,1,32,1x32,one_to_many
0,27595355,47,8,2,4,4,multimat-right-multirow-both,8_4_2_4,256_256_1_32,2162688,256,256,65536,1,32,1x32,one_to_many
0,35390570,38,8,4,4,1,multimat-right-multirow-both,8_4_4_1,256_256_1_32,2162688,256,256,65536,1,32,1x32,one_to_many
0,24566885,52,8,4,4,2,multimat-right-multirow-both,8_4_4_2,256_256_1_32,2162688,256,256,65536,1,32,1x32,one_to_many
0,19407805,63,8,4,4,4,multimat-right-multirow-both,8_4_4_4,256_256_1_32,2162688,256,256,65536,1,32,1x32,one_to_many
