,Kernel,Kernel_iterations,shifts_per_thread_block,shared_mem_row_size,shared_mem_rows,strided_load,column_group_per_block,Name,Args,Input size,Input total items,Input matrix rows,Input matrix cols,Input matrix area,Input left matrices,Input right matrices,Input type,Group
0,5878,255283,8,32,8,0,0,warp-per-shift-shared-memory,8_32_False_False,16_16_1_1,512,16,16,256,1,1,1x1,one_to_one
0,5892,254614,8,32,8,0,1,warp-per-shift-shared-memory,8_32_False_True,16_16_1_1,512,16,16,256,1,1,1x1,one_to_one
0,4657,320858,8,32,8,1,0,warp-per-shift-shared-memory,8_32_True_False,16_16_1_1,512,16,16,256,1,1,1x1,one_to_one
0,4645,322462,8,32,8,1,1,warp-per-shift-shared-memory,8_32_True_True,16_16_1_1,512,16,16,256,1,1,1x1,one_to_one
0,5871,255569,8,128,8,0,0,warp-per-shift-shared-memory,8_128_False_False,16_16_1_1,512,16,16,256,1,1,1x1,one_to_one
0,5922,253328,8,128,8,0,1,warp-per-shift-shared-memory,8_128_False_True,16_16_1_1,512,16,16,256,1,1,1x1,one_to_one
0,4659,321626,8,128,8,1,0,warp-per-shift-shared-memory,8_128_True_False,16_16_1_1,512,16,16,256,1,1,1x1,one_to_one
0,4633,322604,8,128,8,1,1,warp-per-shift-shared-memory,8_128_True_True,16_16_1_1,512,16,16,256,1,1,1x1,one_to_one
0,5879,255155,8,256,8,0,0,warp-per-shift-shared-memory,8_256_False_False,16_16_1_1,512,16,16,256,1,1,1x1,one_to_one
0,5873,255102,8,256,8,0,1,warp-per-shift-shared-memory,8_256_False_True,16_16_1_1,512,16,16,256,1,1,1x1,one_to_one
0,4689,319208,8,256,8,1,0,warp-per-shift-shared-memory,8_256_True_False,16_16_1_1,512,16,16,256,1,1,1x1,one_to_one
0,4642,322845,8,256,8,1,1,warp-per-shift-shared-memory,8_256_True_True,16_16_1_1,512,16,16,256,1,1,1x1,one_to_one
0,4830,310415,16,32,16,0,0,warp-per-shift-shared-memory,16_32_False_False,16_16_1_1,512,16,16,256,1,1,1x1,one_to_one
0,4741,316532,16,32,16,0,1,warp-per-shift-shared-memory,16_32_False_True,16_16_1_1,512,16,16,256,1,1,1x1,one_to_one
0,3969,376180,16,32,16,1,0,warp-per-shift-shared-memory,16_32_True_False,16_16_1_1,512,16,16,256,1,1,1x1,one_to_one
0,4021,371195,16,32,16,1,1,warp-per-shift-shared-memory,16_32_True_True,16_16_1_1,512,16,16,256,1,1,1x1,one_to_one
0,4779,313947,16,128,16,0,0,warp-per-shift-shared-memory,16_128_False_False,16_16_1_1,512,16,16,256,1,1,1x1,one_to_one
0,4739,316902,16,128,16,0,1,warp-per-shift-shared-memory,16_128_False_True,16_16_1_1,512,16,16,256,1,1,1x1,one_to_one
0,4009,372820,16,128,16,1,0,warp-per-shift-shared-memory,16_128_True_False,16_16_1_1,512,16,16,256,1,1,1x1,one_to_one
0,3969,375274,16,128,16,1,1,warp-per-shift-shared-memory,16_128_True_True,16_16_1_1,512,16,16,256,1,1,1x1,one_to_one
0,4846,309889,16,256,16,0,0,warp-per-shift-shared-memory,16_256_False_False,16_16_1_1,512,16,16,256,1,1,1x1,one_to_one
0,4793,313028,16,256,16,0,1,warp-per-shift-shared-memory,16_256_False_True,16_16_1_1,512,16,16,256,1,1,1x1,one_to_one
0,4027,370997,16,256,16,1,0,warp-per-shift-shared-memory,16_256_True_False,16_16_1_1,512,16,16,256,1,1,1x1,one_to_one
0,4021,371713,16,256,16,1,1,warp-per-shift-shared-memory,16_256_True_True,16_16_1_1,512,16,16,256,1,1,1x1,one_to_one
0,5231,286220,32,32,32,0,0,warp-per-shift-shared-memory,32_32_False_False,16_16_1_1,512,16,16,256,1,1,1x1,one_to_one
0,5280,284188,32,32,32,0,1,warp-per-shift-shared-memory,32_32_False_True,16_16_1_1,512,16,16,256,1,1,1x1,one_to_one
0,4401,339935,32,32,32,1,0,warp-per-shift-shared-memory,32_32_True_False,16_16_1_1,512,16,16,256,1,1,1x1,one_to_one
0,4386,341345,32,32,32,1,1,warp-per-shift-shared-memory,32_32_True_True,16_16_1_1,512,16,16,256,1,1,1x1,one_to_one
0,5278,283802,32,128,32,0,0,warp-per-shift-shared-memory,32_128_False_False,16_16_1_1,512,16,16,256,1,1,1x1,one_to_one
0,5253,284868,32,128,32,0,1,warp-per-shift-shared-memory,32_128_False_True,16_16_1_1,512,16,16,256,1,1,1x1,one_to_one
0,4361,343675,32,128,32,1,0,warp-per-shift-shared-memory,32_128_True_False,16_16_1_1,512,16,16,256,1,1,1x1,one_to_one
0,4359,342694,32,128,32,1,1,warp-per-shift-shared-memory,32_128_True_True,16_16_1_1,512,16,16,256,1,1,1x1,one_to_one
0,8390,178784,8,32,8,0,0,warp-per-shift-shared-memory,8_32_False_False,24_24_1_1,1152,24,24,576,1,1,1x1,one_to_one
0,8420,178136,8,32,8,0,1,warp-per-shift-shared-memory,8_32_False_True,24_24_1_1,1152,24,24,576,1,1,1x1,one_to_one
0,6782,221219,8,32,8,1,0,warp-per-shift-shared-memory,8_32_True_False,24_24_1_1,1152,24,24,576,1,1,1x1,one_to_one
0,6776,221393,8,32,8,1,1,warp-per-shift-shared-memory,8_32_True_True,24_24_1_1,1152,24,24,576,1,1,1x1,one_to_one
0,8400,178586,8,128,8,0,0,warp-per-shift-shared-memory,8_128_False_False,24_24_1_1,1152,24,24,576,1,1,1x1,one_to_one
0,8428,178000,8,128,8,0,1,warp-per-shift-shared-memory,8_128_False_True,24_24_1_1,1152,24,24,576,1,1,1x1,one_to_one
0,6742,221930,8,128,8,1,0,warp-per-shift-shared-memory,8_128_True_False,24_24_1_1,1152,24,24,576,1,1,1x1,one_to_one
0,6738,222226,8,128,8,1,1,warp-per-shift-shared-memory,8_128_True_True,24_24_1_1,1152,24,24,576,1,1,1x1,one_to_one
0,8395,178727,8,256,8,0,0,warp-per-shift-shared-memory,8_256_False_False,24_24_1_1,1152,24,24,576,1,1,1x1,one_to_one
0,8391,178804,8,256,8,0,1,warp-per-shift-shared-memory,8_256_False_True,24_24_1_1,1152,24,24,576,1,1,1x1,one_to_one
0,6743,222233,8,256,8,1,0,warp-per-shift-shared-memory,8_256_True_False,24_24_1_1,1152,24,24,576,1,1,1x1,one_to_one
0,6744,222374,8,256,8,1,1,warp-per-shift-shared-memory,8_256_True_True,24_24_1_1,1152,24,24,576,1,1,1x1,one_to_one
0,7091,211588,16,32,16,0,0,warp-per-shift-shared-memory,16_32_False_False,24_24_1_1,1152,24,24,576,1,1,1x1,one_to_one
0,7092,211671,16,32,16,0,1,warp-per-shift-shared-memory,16_32_False_True,24_24_1_1,1152,24,24,576,1,1,1x1,one_to_one
0,5735,261561,16,32,16,1,0,warp-per-shift-shared-memory,16_32_True_False,24_24_1_1,1152,24,24,576,1,1,1x1,one_to_one
0,5729,261991,16,32,16,1,1,warp-per-shift-shared-memory,16_32_True_True,24_24_1_1,1152,24,24,576,1,1,1x1,one_to_one
0,7106,211277,16,128,16,0,0,warp-per-shift-shared-memory,16_128_False_False,24_24_1_1,1152,24,24,576,1,1,1x1,one_to_one
0,7111,211031,16,128,16,0,1,warp-per-shift-shared-memory,16_128_False_True,24_24_1_1,1152,24,24,576,1,1,1x1,one_to_one
0,5760,260389,16,128,16,1,0,warp-per-shift-shared-memory,16_128_True_False,24_24_1_1,1152,24,24,576,1,1,1x1,one_to_one
0,5725,262090,16,128,16,1,1,warp-per-shift-shared-memory,16_128_True_True,24_24_1_1,1152,24,24,576,1,1,1x1,one_to_one
0,7090,211790,16,256,16,0,0,warp-per-shift-shared-memory,16_256_False_False,24_24_1_1,1152,24,24,576,1,1,1x1,one_to_one
0,7090,211573,16,256,16,0,1,warp-per-shift-shared-memory,16_256_False_True,24_24_1_1,1152,24,24,576,1,1,1x1,one_to_one
0,5771,259881,16,256,16,1,0,warp-per-shift-shared-memory,16_256_True_False,24_24_1_1,1152,24,24,576,1,1,1x1,one_to_one
0,5747,261216,16,256,16,1,1,warp-per-shift-shared-memory,16_256_True_True,24_24_1_1,1152,24,24,576,1,1,1x1,one_to_one
0,8537,175726,32,32,32,0,0,warp-per-shift-shared-memory,32_32_False_False,24_24_1_1,1152,24,24,576,1,1,1x1,one_to_one
0,8542,175612,32,32,32,0,1,warp-per-shift-shared-memory,32_32_False_True,24_24_1_1,1152,24,24,576,1,1,1x1,one_to_one
0,6919,216447,32,32,32,1,0,warp-per-shift-shared-memory,32_32_True_False,24_24_1_1,1152,24,24,576,1,1,1x1,one_to_one
0,6882,217633,32,32,32,1,1,warp-per-shift-shared-memory,32_32_True_True,24_24_1_1,1152,24,24,576,1,1,1x1,one_to_one
0,8532,175667,32,128,32,0,0,warp-per-shift-shared-memory,32_128_False_False,24_24_1_1,1152,24,24,576,1,1,1x1,one_to_one
0,8547,175397,32,128,32,0,1,warp-per-shift-shared-memory,32_128_False_True,24_24_1_1,1152,24,24,576,1,1,1x1,one_to_one
0,6908,216957,32,128,32,1,0,warp-per-shift-shared-memory,32_128_True_False,24_24_1_1,1152,24,24,576,1,1,1x1,one_to_one
0,6912,216713,32,128,32,1,1,warp-per-shift-shared-memory,32_128_True_True,24_24_1_1,1152,24,24,576,1,1,1x1,one_to_one
0,12878,116317,8,32,8,0,0,warp-per-shift-shared-memory,8_32_False_False,32_32_1_1,2048,32,32,1024,1,1,1x1,one_to_one
0,12882,116263,8,32,8,0,1,warp-per-shift-shared-memory,8_32_False_True,32_32_1_1,2048,32,32,1024,1,1,1x1,one_to_one
0,10036,149387,8,32,8,1,0,warp-per-shift-shared-memory,8_32_True_False,32_32_1_1,2048,32,32,1024,1,1,1x1,one_to_one
0,10053,149129,8,32,8,1,1,warp-per-shift-shared-memory,8_32_True_True,32_32_1_1,2048,32,32,1024,1,1,1x1,one_to_one
0,12875,116311,8,128,8,0,0,warp-per-shift-shared-memory,8_128_False_False,32_32_1_1,2048,32,32,1024,1,1,1x1,one_to_one
0,12837,116619,8,128,8,0,1,warp-per-shift-shared-memory,8_128_False_True,32_32_1_1,2048,32,32,1024,1,1,1x1,one_to_one
0,10047,149287,8,128,8,1,0,warp-per-shift-shared-memory,8_128_True_False,32_32_1_1,2048,32,32,1024,1,1,1x1,one_to_one
0,10010,149823,8,128,8,1,1,warp-per-shift-shared-memory,8_128_True_True,32_32_1_1,2048,32,32,1024,1,1,1x1,one_to_one
0,12831,116662,8,256,8,0,0,warp-per-shift-shared-memory,8_256_False_False,32_32_1_1,2048,32,32,1024,1,1,1x1,one_to_one
0,12875,116394,8,256,8,0,1,warp-per-shift-shared-memory,8_256_False_True,32_32_1_1,2048,32,32,1024,1,1,1x1,one_to_one
0,10007,149837,8,256,8,1,0,warp-per-shift-shared-memory,8_256_True_False,32_32_1_1,2048,32,32,1024,1,1,1x1,one_to_one
0,10041,149354,8,256,8,1,1,warp-per-shift-shared-memory,8_256_True_True,32_32_1_1,2048,32,32,1024,1,1,1x1,one_to_one
0,10734,139638,16,32,16,0,0,warp-per-shift-shared-memory,16_32_False_False,32_32_1_1,2048,32,32,1024,1,1,1x1,one_to_one
0,10732,139684,16,32,16,0,1,warp-per-shift-shared-memory,16_32_False_True,32_32_1_1,2048,32,32,1024,1,1,1x1,one_to_one
0,8610,174132,16,32,16,1,0,warp-per-shift-shared-memory,16_32_True_False,32_32_1_1,2048,32,32,1024,1,1,1x1,one_to_one
0,8594,174383,16,32,16,1,1,warp-per-shift-shared-memory,16_32_True_True,32_32_1_1,2048,32,32,1024,1,1,1x1,one_to_one
0,10734,139580,16,128,16,0,0,warp-per-shift-shared-memory,16_128_False_False,32_32_1_1,2048,32,32,1024,1,1,1x1,one_to_one
0,10768,139055,16,128,16,0,1,warp-per-shift-shared-memory,16_128_False_True,32_32_1_1,2048,32,32,1024,1,1,1x1,one_to_one
0,8573,174891,16,128,16,1,0,warp-per-shift-shared-memory,16_128_True_False,32_32_1_1,2048,32,32,1024,1,1,1x1,one_to_one
0,8590,174532,16,128,16,1,1,warp-per-shift-shared-memory,16_128_True_True,32_32_1_1,2048,32,32,1024,1,1,1x1,one_to_one
0,10763,139129,16,256,16,0,0,warp-per-shift-shared-memory,16_256_False_False,32_32_1_1,2048,32,32,1024,1,1,1x1,one_to_one
0,10738,139503,16,256,16,0,1,warp-per-shift-shared-memory,16_256_False_True,32_32_1_1,2048,32,32,1024,1,1,1x1,one_to_one
0,8574,174845,16,256,16,1,0,warp-per-shift-shared-memory,16_256_True_False,32_32_1_1,2048,32,32,1024,1,1,1x1,one_to_one
0,8574,174882,16,256,16,1,1,warp-per-shift-shared-memory,16_256_True_True,32_32_1_1,2048,32,32,1024,1,1,1x1,one_to_one
0,9931,151134,32,32,32,0,0,warp-per-shift-shared-memory,32_32_False_False,32_32_1_1,2048,32,32,1024,1,1,1x1,one_to_one
0,9888,151680,32,32,32,0,1,warp-per-shift-shared-memory,32_32_False_True,32_32_1_1,2048,32,32,1024,1,1,1x1,one_to_one
0,8289,180687,32,32,32,1,0,warp-per-shift-shared-memory,32_32_True_False,32_32_1_1,2048,32,32,1024,1,1,1x1,one_to_one
0,8284,180988,32,32,32,1,1,warp-per-shift-shared-memory,32_32_True_True,32_32_1_1,2048,32,32,1024,1,1,1x1,one_to_one
0,9925,151296,32,128,32,0,0,warp-per-shift-shared-memory,32_128_False_False,32_32_1_1,2048,32,32,1024,1,1,1x1,one_to_one
0,9874,151754,32,128,32,0,1,warp-per-shift-shared-memory,32_128_False_True,32_32_1_1,2048,32,32,1024,1,1,1x1,one_to_one
0,8332,180008,32,128,32,1,0,warp-per-shift-shared-memory,32_128_True_False,32_32_1_1,2048,32,32,1024,1,1,1x1,one_to_one
0,8323,180269,32,128,32,1,1,warp-per-shift-shared-memory,32_128_True_True,32_32_1_1,2048,32,32,1024,1,1,1x1,one_to_one
0,43106,34812,8,32,8,0,0,warp-per-shift-shared-memory,8_32_False_False,48_48_1_1,4608,48,48,2304,1,1,1x1,one_to_one
0,46070,32557,8,32,8,0,1,warp-per-shift-shared-memory,8_32_False_True,48_48_1_1,4608,48,48,2304,1,1,1x1,one_to_one
0,31737,47258,8,32,8,1,0,warp-per-shift-shared-memory,8_32_True_False,48_48_1_1,4608,48,48,2304,1,1,1x1,one_to_one
0,33473,44808,8,32,8,1,1,warp-per-shift-shared-memory,8_32_True_True,48_48_1_1,4608,48,48,2304,1,1,1x1,one_to_one
0,36560,41023,8,128,8,0,0,warp-per-shift-shared-memory,8_128_False_False,48_48_1_1,4608,48,48,2304,1,1,1x1,one_to_one
0,36566,41021,8,128,8,0,1,warp-per-shift-shared-memory,8_128_False_True,48_48_1_1,4608,48,48,2304,1,1,1x1,one_to_one
0,26713,56151,8,128,8,1,0,warp-per-shift-shared-memory,8_128_True_False,48_48_1_1,4608,48,48,2304,1,1,1x1,one_to_one
0,26694,56198,8,128,8,1,1,warp-per-shift-shared-memory,8_128_True_True,48_48_1_1,4608,48,48,2304,1,1,1x1,one_to_one
0,36730,40840,8,256,8,0,0,warp-per-shift-shared-memory,8_256_False_False,48_48_1_1,4608,48,48,2304,1,1,1x1,one_to_one
0,36726,40841,8,256,8,0,1,warp-per-shift-shared-memory,8_256_False_True,48_48_1_1,4608,48,48,2304,1,1,1x1,one_to_one
0,26869,55826,8,256,8,1,0,warp-per-shift-shared-memory,8_256_True_False,48_48_1_1,4608,48,48,2304,1,1,1x1,one_to_one
0,26889,55778,8,256,8,1,1,warp-per-shift-shared-memory,8_256_True_True,48_48_1_1,4608,48,48,2304,1,1,1x1,one_to_one
0,30328,49478,16,32,16,0,0,warp-per-shift-shared-memory,16_32_False_False,48_48_1_1,4608,48,48,2304,1,1,1x1,one_to_one
0,32833,45685,16,32,16,0,1,warp-per-shift-shared-memory,16_32_False_True,48_48_1_1,4608,48,48,2304,1,1,1x1,one_to_one
0,22807,65749,16,32,16,1,0,warp-per-shift-shared-memory,16_32_True_False,48_48_1_1,4608,48,48,2304,1,1,1x1,one_to_one
0,25309,59258,16,32,16,1,1,warp-per-shift-shared-memory,16_32_True_True,48_48_1_1,4608,48,48,2304,1,1,1x1,one_to_one
0,26338,56933,16,128,16,0,0,warp-per-shift-shared-memory,16_128_False_False,48_48_1_1,4608,48,48,2304,1,1,1x1,one_to_one
0,26334,56950,16,128,16,0,1,warp-per-shift-shared-memory,16_128_False_True,48_48_1_1,4608,48,48,2304,1,1,1x1,one_to_one
0,20293,73915,16,128,16,1,0,warp-per-shift-shared-memory,16_128_True_False,48_48_1_1,4608,48,48,2304,1,1,1x1,one_to_one
0,20290,73921,16,128,16,1,1,warp-per-shift-shared-memory,16_128_True_True,48_48_1_1,4608,48,48,2304,1,1,1x1,one_to_one
0,26581,56418,16,256,16,0,0,warp-per-shift-shared-memory,16_256_False_False,48_48_1_1,4608,48,48,2304,1,1,1x1,one_to_one
0,26567,56451,16,256,16,0,1,warp-per-shift-shared-memory,16_256_False_True,48_48_1_1,4608,48,48,2304,1,1,1x1,one_to_one
0,20450,73343,16,256,16,1,0,warp-per-shift-shared-memory,16_256_True_False,48_48_1_1,4608,48,48,2304,1,1,1x1,one_to_one
0,20422,73448,16,256,16,1,1,warp-per-shift-shared-memory,16_256_True_True,48_48_1_1,4608,48,48,2304,1,1,1x1,one_to_one
0,25355,59161,32,32,32,0,0,warp-per-shift-shared-memory,32_32_False_False,48_48_1_1,4608,48,48,2304,1,1,1x1,one_to_one
0,28963,51791,32,32,32,0,1,warp-per-shift-shared-memory,32_32_False_True,48_48_1_1,4608,48,48,2304,1,1,1x1,one_to_one
0,19734,76005,32,32,32,1,0,warp-per-shift-shared-memory,32_32_True_False,48_48_1_1,4608,48,48,2304,1,1,1x1,one_to_one
0,23365,64192,32,32,32,1,1,warp-per-shift-shared-memory,32_32_True_True,48_48_1_1,4608,48,48,2304,1,1,1x1,one_to_one
0,22228,67478,32,128,32,0,0,warp-per-shift-shared-memory,32_128_False_False,48_48_1_1,4608,48,48,2304,1,1,1x1,one_to_one
0,22227,67479,32,128,32,0,1,warp-per-shift-shared-memory,32_128_False_True,48_48_1_1,4608,48,48,2304,1,1,1x1,one_to_one
0,17793,84306,32,128,32,1,0,warp-per-shift-shared-memory,32_128_True_False,48_48_1_1,4608,48,48,2304,1,1,1x1,one_to_one
0,17807,84223,32,128,32,1,1,warp-per-shift-shared-memory,32_128_True_True,48_48_1_1,4608,48,48,2304,1,1,1x1,one_to_one
0,99771,15034,8,32,8,0,0,warp-per-shift-shared-memory,8_32_False_False,64_64_1_1,8192,64,64,4096,1,1,1x1,one_to_one
0,103490,10000,8,32,8,0,1,warp-per-shift-shared-memory,8_32_False_True,64_64_1_1,8192,64,64,4096,1,1,1x1,one_to_one
0,73295,20465,8,32,8,1,0,warp-per-shift-shared-memory,8_32_True_False,64_64_1_1,8192,64,64,4096,1,1,1x1,one_to_one
0,76385,19638,8,32,8,1,1,warp-per-shift-shared-memory,8_32_True_True,64_64_1_1,8192,64,64,4096,1,1,1x1,one_to_one
0,81531,18397,8,128,8,0,0,warp-per-shift-shared-memory,8_128_False_False,64_64_1_1,8192,64,64,4096,1,1,1x1,one_to_one
0,81487,18408,8,128,8,0,1,warp-per-shift-shared-memory,8_128_False_True,64_64_1_1,8192,64,64,4096,1,1,1x1,one_to_one
0,58716,25546,8,128,8,1,0,warp-per-shift-shared-memory,8_128_True_False,64_64_1_1,8192,64,64,4096,1,1,1x1,one_to_one
0,58694,25557,8,128,8,1,1,warp-per-shift-shared-memory,8_128_True_True,64_64_1_1,8192,64,64,4096,1,1,1x1,one_to_one
0,83307,18006,8,256,8,0,0,warp-per-shift-shared-memory,8_256_False_False,64_64_1_1,8192,64,64,4096,1,1,1x1,one_to_one
0,83273,18013,8,256,8,0,1,warp-per-shift-shared-memory,8_256_False_True,64_64_1_1,8192,64,64,4096,1,1,1x1,one_to_one
0,61046,24570,8,256,8,1,0,warp-per-shift-shared-memory,8_256_True_False,64_64_1_1,8192,64,64,4096,1,1,1x1,one_to_one
0,61055,24567,8,256,8,1,1,warp-per-shift-shared-memory,8_256_True_True,64_64_1_1,8192,64,64,4096,1,1,1x1,one_to_one
0,67176,22329,16,32,16,0,0,warp-per-shift-shared-memory,16_32_False_False,64_64_1_1,8192,64,64,4096,1,1,1x1,one_to_one
0,70982,21132,16,32,16,0,1,warp-per-shift-shared-memory,16_32_False_True,64_64_1_1,8192,64,64,4096,1,1,1x1,one_to_one
0,50483,29712,16,32,16,1,0,warp-per-shift-shared-memory,16_32_True_False,64_64_1_1,8192,64,64,4096,1,1,1x1,one_to_one
0,54701,27423,16,32,16,1,1,warp-per-shift-shared-memory,16_32_True_True,64_64_1_1,8192,64,64,4096,1,1,1x1,one_to_one
0,55910,26828,16,128,16,0,0,warp-per-shift-shared-memory,16_128_False_False,64_64_1_1,8192,64,64,4096,1,1,1x1,one_to_one
0,55938,26814,16,128,16,0,1,warp-per-shift-shared-memory,16_128_False_True,64_64_1_1,8192,64,64,4096,1,1,1x1,one_to_one
0,42326,35436,16,128,16,1,0,warp-per-shift-shared-memory,16_128_True_False,64_64_1_1,8192,64,64,4096,1,1,1x1,one_to_one
0,42344,35409,16,128,16,1,1,warp-per-shift-shared-memory,16_128_True_True,64_64_1_1,8192,64,64,4096,1,1,1x1,one_to_one
0,57351,26153,16,256,16,0,0,warp-per-shift-shared-memory,16_256_False_False,64_64_1_1,8192,64,64,4096,1,1,1x1,one_to_one
0,57312,26172,16,256,16,0,1,warp-per-shift-shared-memory,16_256_False_True,64_64_1_1,8192,64,64,4096,1,1,1x1,one_to_one
0,44173,33957,16,256,16,1,0,warp-per-shift-shared-memory,16_256_True_False,64_64_1_1,8192,64,64,4096,1,1,1x1,one_to_one
0,44176,33952,16,256,16,1,1,warp-per-shift-shared-memory,16_256_True_True,64_64_1_1,8192,64,64,4096,1,1,1x1,one_to_one
0,54645,27450,32,32,32,0,0,warp-per-shift-shared-memory,32_32_False_False,64_64_1_1,8192,64,64,4096,1,1,1x1,one_to_one
0,60540,24777,32,32,32,0,1,warp-per-shift-shared-memory,32_32_False_True,64_64_1_1,8192,64,64,4096,1,1,1x1,one_to_one
0,42223,35527,32,32,32,1,0,warp-per-shift-shared-memory,32_32_True_False,64_64_1_1,8192,64,64,4096,1,1,1x1,one_to_one
0,48397,30995,32,32,32,1,1,warp-per-shift-shared-memory,32_32_True_True,64_64_1_1,8192,64,64,4096,1,1,1x1,one_to_one
0,46736,32096,32,128,32,0,0,warp-per-shift-shared-memory,32_128_False_False,64_64_1_1,8192,64,64,4096,1,1,1x1,one_to_one
0,46731,32099,32,128,32,0,1,warp-per-shift-shared-memory,32_128_False_True,64_64_1_1,8192,64,64,4096,1,1,1x1,one_to_one
0,37160,40351,32,128,32,1,0,warp-per-shift-shared-memory,32_128_True_False,64_64_1_1,8192,64,64,4096,1,1,1x1,one_to_one
0,37127,40401,32,128,32,1,1,warp-per-shift-shared-memory,32_128_True_True,64_64_1_1,8192,64,64,4096,1,1,1x1,one_to_one
0,404386,3708,8,32,8,0,0,warp-per-shift-shared-memory,8_32_False_False,96_96_1_1,18432,96,96,9216,1,1,1x1,one_to_one
0,423511,3540,8,32,8,0,1,warp-per-shift-shared-memory,8_32_False_True,96_96_1_1,18432,96,96,9216,1,1,1x1,one_to_one
0,300531,4989,8,32,8,1,0,warp-per-shift-shared-memory,8_32_True_False,96_96_1_1,18432,96,96,9216,1,1,1x1,one_to_one
0,316190,4740,8,32,8,1,1,warp-per-shift-shared-memory,8_32_True_True,96_96_1_1,18432,96,96,9216,1,1,1x1,one_to_one
0,273604,5479,8,128,8,0,0,warp-per-shift-shared-memory,8_128_False_False,96_96_1_1,18432,96,96,9216,1,1,1x1,one_to_one
0,273631,5479,8,128,8,0,1,warp-per-shift-shared-memory,8_128_False_True,96_96_1_1,18432,96,96,9216,1,1,1x1,one_to_one
0,208174,7203,8,128,8,1,0,warp-per-shift-shared-memory,8_128_True_False,96_96_1_1,18432,96,96,9216,1,1,1x1,one_to_one
0,208154,7199,8,128,8,1,1,warp-per-shift-shared-memory,8_128_True_True,96_96_1_1,18432,96,96,9216,1,1,1x1,one_to_one
0,280277,5349,8,256,8,0,0,warp-per-shift-shared-memory,8_256_False_False,96_96_1_1,18432,96,96,9216,1,1,1x1,one_to_one
0,280277,5348,8,256,8,0,1,warp-per-shift-shared-memory,8_256_False_True,96_96_1_1,18432,96,96,9216,1,1,1x1,one_to_one
0,218869,6850,8,256,8,1,0,warp-per-shift-shared-memory,8_256_True_False,96_96_1_1,18432,96,96,9216,1,1,1x1,one_to_one
0,218802,6849,8,256,8,1,1,warp-per-shift-shared-memory,8_256_True_True,96_96_1_1,18432,96,96,9216,1,1,1x1,one_to_one
0,255975,5858,16,32,16,0,0,warp-per-shift-shared-memory,16_32_False_False,96_96_1_1,18432,96,96,9216,1,1,1x1,one_to_one
0,276977,5413,16,32,16,0,1,warp-per-shift-shared-memory,16_32_False_True,96_96_1_1,18432,96,96,9216,1,1,1x1,one_to_one
0,193369,7757,16,32,16,1,0,warp-per-shift-shared-memory,16_32_True_False,96_96_1_1,18432,96,96,9216,1,1,1x1,one_to_one
0,214061,7006,16,32,16,1,1,warp-per-shift-shared-memory,16_32_True_True,96_96_1_1,18432,96,96,9216,1,1,1x1,one_to_one
0,180804,8291,16,128,16,0,0,warp-per-shift-shared-memory,16_128_False_False,96_96_1_1,18432,96,96,9216,1,1,1x1,one_to_one
0,180797,8291,16,128,16,0,1,warp-per-shift-shared-memory,16_128_False_True,96_96_1_1,18432,96,96,9216,1,1,1x1,one_to_one
0,145062,10000,16,128,16,1,0,warp-per-shift-shared-memory,16_128_True_False,96_96_1_1,18432,96,96,9216,1,1,1x1,one_to_one
0,145051,10000,16,128,16,1,1,warp-per-shift-shared-memory,16_128_True_True,96_96_1_1,18432,96,96,9216,1,1,1x1,one_to_one
0,185481,8083,16,256,16,0,0,warp-per-shift-shared-memory,16_256_False_False,96_96_1_1,18432,96,96,9216,1,1,1x1,one_to_one
0,185460,8084,16,256,16,0,1,warp-per-shift-shared-memory,16_256_False_True,96_96_1_1,18432,96,96,9216,1,1,1x1,one_to_one
0,151224,9915,16,256,16,1,0,warp-per-shift-shared-memory,16_256_True_False,96_96_1_1,18432,96,96,9216,1,1,1x1,one_to_one
0,151226,9918,16,256,16,1,1,warp-per-shift-shared-memory,16_256_True_True,96_96_1_1,18432,96,96,9216,1,1,1x1,one_to_one
0,196508,7631,32,32,32,0,0,warp-per-shift-shared-memory,32_32_False_False,96_96_1_1,18432,96,96,9216,1,1,1x1,one_to_one
0,221627,6767,32,32,32,0,1,warp-per-shift-shared-memory,32_32_False_True,96_96_1_1,18432,96,96,9216,1,1,1x1,one_to_one
0,152646,9823,32,32,32,1,0,warp-per-shift-shared-memory,32_32_True_False,96_96_1_1,18432,96,96,9216,1,1,1x1,one_to_one
0,179399,8358,32,32,32,1,1,warp-per-shift-shared-memory,32_32_True_True,96_96_1_1,18432,96,96,9216,1,1,1x1,one_to_one
0,148483,10000,32,128,32,0,0,warp-per-shift-shared-memory,32_128_False_False,96_96_1_1,18432,96,96,9216,1,1,1x1,one_to_one
0,148483,10000,32,128,32,0,1,warp-per-shift-shared-memory,32_128_False_True,96_96_1_1,18432,96,96,9216,1,1,1x1,one_to_one
0,125231,10000,32,128,32,1,0,warp-per-shift-shared-memory,32_128_True_False,96_96_1_1,18432,96,96,9216,1,1,1x1,one_to_one
0,125182,10000,32,128,32,1,1,warp-per-shift-shared-memory,32_128_True_True,96_96_1_1,18432,96,96,9216,1,1,1x1,one_to_one
0,384075,3904,32,128,32,0,0,warp-per-shift-shared-memory,32_128_False_False,128_128_1_1,32768,128,128,16384,1,1,1x1,one_to_one
0,1156966,1297,8,32,8,0,0,warp-per-shift-shared-memory,8_32_False_False,128_128_1_1,32768,128,128,16384,1,1,1x1,one_to_one
0,1205442,1245,8,32,8,0,1,warp-per-shift-shared-memory,8_32_False_True,128_128_1_1,32768,128,128,16384,1,1,1x1,one_to_one
0,871725,1721,8,32,8,1,0,warp-per-shift-shared-memory,8_32_True_False,128_128_1_1,32768,128,128,16384,1,1,1x1,one_to_one
0,909531,1649,8,32,8,1,1,warp-per-shift-shared-memory,8_32_True_True,128_128_1_1,32768,128,128,16384,1,1,1x1,one_to_one
0,730732,2052,8,128,8,0,0,warp-per-shift-shared-memory,8_128_False_False,128_128_1_1,32768,128,128,16384,1,1,1x1,one_to_one
0,731762,2053,8,128,8,0,1,warp-per-shift-shared-memory,8_128_False_True,128_128_1_1,32768,128,128,16384,1,1,1x1,one_to_one
0,561094,2675,8,128,8,1,0,warp-per-shift-shared-memory,8_128_True_False,128_128_1_1,32768,128,128,16384,1,1,1x1,one_to_one
0,561128,2672,8,128,8,1,1,warp-per-shift-shared-memory,8_128_True_True,128_128_1_1,32768,128,128,16384,1,1,1x1,one_to_one
0,748252,2003,8,256,8,0,0,warp-per-shift-shared-memory,8_256_False_False,128_128_1_1,32768,128,128,16384,1,1,1x1,one_to_one
0,748125,2024,8,256,8,0,1,warp-per-shift-shared-memory,8_256_False_True,128_128_1_1,32768,128,128,16384,1,1,1x1,one_to_one
0,578610,2593,8,256,8,1,0,warp-per-shift-shared-memory,8_256_True_False,128_128_1_1,32768,128,128,16384,1,1,1x1,one_to_one
0,578574,2592,8,256,8,1,1,warp-per-shift-shared-memory,8_256_True_True,128_128_1_1,32768,128,128,16384,1,1,1x1,one_to_one
0,715877,2077,16,32,16,0,0,warp-per-shift-shared-memory,16_32_False_False,128_128_1_1,32768,128,128,16384,1,1,1x1,one_to_one
0,768516,1952,16,32,16,0,1,warp-per-shift-shared-memory,16_32_False_True,128_128_1_1,32768,128,128,16384,1,1,1x1,one_to_one
0,548212,2735,16,32,16,1,0,warp-per-shift-shared-memory,16_32_True_False,128_128_1_1,32768,128,128,16384,1,1,1x1,one_to_one
0,599075,2504,16,32,16,1,1,warp-per-shift-shared-memory,16_32_True_True,128_128_1_1,32768,128,128,16384,1,1,1x1,one_to_one
0,477237,3142,16,128,16,0,0,warp-per-shift-shared-memory,16_128_False_False,128_128_1_1,32768,128,128,16384,1,1,1x1,one_to_one
0,477267,3143,16,128,16,0,1,warp-per-shift-shared-memory,16_128_False_True,128_128_1_1,32768,128,128,16384,1,1,1x1,one_to_one
0,385365,3890,16,128,16,1,0,warp-per-shift-shared-memory,16_128_True_False,128_128_1_1,32768,128,128,16384,1,1,1x1,one_to_one
0,385419,3891,16,128,16,1,1,warp-per-shift-shared-memory,16_128_True_True,128_128_1_1,32768,128,128,16384,1,1,1x1,one_to_one
0,484913,3093,16,256,16,0,0,warp-per-shift-shared-memory,16_256_False_False,128_128_1_1,32768,128,128,16384,1,1,1x1,one_to_one
0,484877,3093,16,256,16,0,1,warp-per-shift-shared-memory,16_256_False_True,128_128_1_1,32768,128,128,16384,1,1,1x1,one_to_one
0,396493,3781,16,256,16,1,0,warp-per-shift-shared-memory,16_256_True_False,128_128_1_1,32768,128,128,16384,1,1,1x1,one_to_one
0,396513,3781,16,256,16,1,1,warp-per-shift-shared-memory,16_256_True_True,128_128_1_1,32768,128,128,16384,1,1,1x1,one_to_one
0,536838,2793,32,32,32,0,0,warp-per-shift-shared-memory,32_32_False_False,128_128_1_1,32768,128,128,16384,1,1,1x1,one_to_one
0,598793,2504,32,32,32,0,1,warp-per-shift-shared-memory,32_32_False_True,128_128_1_1,32768,128,128,16384,1,1,1x1,one_to_one
0,425891,3521,32,32,32,1,0,warp-per-shift-shared-memory,32_32_True_False,128_128_1_1,32768,128,128,16384,1,1,1x1,one_to_one
0,490991,3054,32,32,32,1,1,warp-per-shift-shared-memory,32_32_True_True,128_128_1_1,32768,128,128,16384,1,1,1x1,one_to_one
0,384032,3904,32,128,32,0,1,warp-per-shift-shared-memory,32_128_False_True,128_128_1_1,32768,128,128,16384,1,1,1x1,one_to_one
0,328293,4566,32,128,32,1,0,warp-per-shift-shared-memory,32_128_True_False,128_128_1_1,32768,128,128,16384,1,1,1x1,one_to_one
0,328299,4567,32,128,32,1,1,warp-per-shift-shared-memory,32_128_True_True,128_128_1_1,32768,128,128,16384,1,1,1x1,one_to_one
0,5383729,279,8,32,8,0,0,warp-per-shift-shared-memory,8_32_False_False,192_192_1_1,73728,192,192,36864,1,1,1x1,one_to_one
0,5538642,271,8,32,8,0,1,warp-per-shift-shared-memory,8_32_False_True,192_192_1_1,73728,192,192,36864,1,1,1x1,one_to_one
0,4143202,363,8,32,8,1,0,warp-per-shift-shared-memory,8_32_True_False,192_192_1_1,73728,192,192,36864,1,1,1x1,one_to_one
0,4250789,353,8,32,8,1,1,warp-per-shift-shared-memory,8_32_True_True,192_192_1_1,73728,192,192,36864,1,1,1x1,one_to_one
0,3129125,482,8,128,8,0,0,warp-per-shift-shared-memory,8_128_False_False,192_192_1_1,73728,192,192,36864,1,1,1x1,one_to_one
0,3164596,474,8,128,8,0,1,warp-per-shift-shared-memory,8_128_False_True,192_192_1_1,73728,192,192,36864,1,1,1x1,one_to_one
0,2560236,588,8,128,8,1,0,warp-per-shift-shared-memory,8_128_True_False,192_192_1_1,73728,192,192,36864,1,1,1x1,one_to_one
0,2550933,588,8,128,8,1,1,warp-per-shift-shared-memory,8_128_True_True,192_192_1_1,73728,192,192,36864,1,1,1x1,one_to_one
0,2822099,534,8,256,8,0,0,warp-per-shift-shared-memory,8_256_False_False,192_192_1_1,73728,192,192,36864,1,1,1x1,one_to_one
0,2822149,532,8,256,8,0,1,warp-per-shift-shared-memory,8_256_False_True,192_192_1_1,73728,192,192,36864,1,1,1x1,one_to_one
0,2359908,637,8,256,8,1,0,warp-per-shift-shared-memory,8_256_True_False,192_192_1_1,73728,192,192,36864,1,1,1x1,one_to_one
0,2359892,635,8,256,8,1,1,warp-per-shift-shared-memory,8_256_True_True,192_192_1_1,73728,192,192,36864,1,1,1x1,one_to_one
0,3251381,456,16,32,16,0,0,warp-per-shift-shared-memory,16_32_False_False,192_192_1_1,73728,192,192,36864,1,1,1x1,one_to_one
0,3439400,437,16,32,16,0,1,warp-per-shift-shared-memory,16_32_False_True,192_192_1_1,73728,192,192,36864,1,1,1x1,one_to_one
0,2546787,589,16,32,16,1,0,warp-per-shift-shared-memory,16_32_True_False,192_192_1_1,73728,192,192,36864,1,1,1x1,one_to_one
0,2730883,550,16,32,16,1,1,warp-per-shift-shared-memory,16_32_True_True,192_192_1_1,73728,192,192,36864,1,1,1x1,one_to_one
0,2037212,739,16,128,16,0,0,warp-per-shift-shared-memory,16_128_False_False,192_192_1_1,73728,192,192,36864,1,1,1x1,one_to_one
0,2073086,724,16,128,16,0,1,warp-per-shift-shared-memory,16_128_False_True,192_192_1_1,73728,192,192,36864,1,1,1x1,one_to_one
0,1746679,859,16,128,16,1,0,warp-per-shift-shared-memory,16_128_True_False,192_192_1_1,73728,192,192,36864,1,1,1x1,one_to_one
0,1767256,852,16,128,16,1,1,warp-per-shift-shared-memory,16_128_True_True,192_192_1_1,73728,192,192,36864,1,1,1x1,one_to_one
0,1865179,807,16,256,16,0,0,warp-per-shift-shared-memory,16_256_False_False,192_192_1_1,73728,192,192,36864,1,1,1x1,one_to_one
0,1865147,805,16,256,16,0,1,warp-per-shift-shared-memory,16_256_False_True,192_192_1_1,73728,192,192,36864,1,1,1x1,one_to_one
0,1652159,908,16,256,16,1,0,warp-per-shift-shared-memory,16_256_True_False,192_192_1_1,73728,192,192,36864,1,1,1x1,one_to_one
0,1652192,908,16,256,16,1,1,warp-per-shift-shared-memory,16_256_True_True,192_192_1_1,73728,192,192,36864,1,1,1x1,one_to_one
0,2385768,624,32,32,32,0,0,warp-per-shift-shared-memory,32_32_False_False,192_192_1_1,73728,192,192,36864,1,1,1x1,one_to_one
0,2602890,577,32,32,32,0,1,warp-per-shift-shared-memory,32_32_False_True,192_192_1_1,73728,192,192,36864,1,1,1x1,one_to_one
0,1937491,775,32,32,32,1,0,warp-per-shift-shared-memory,32_32_True_False,192_192_1_1,73728,192,192,36864,1,1,1x1,one_to_one
0,2173058,691,32,32,32,1,1,warp-per-shift-shared-memory,32_32_True_True,192_192_1_1,73728,192,192,36864,1,1,1x1,one_to_one
0,1621061,926,32,128,32,0,0,warp-per-shift-shared-memory,32_128_False_False,192_192_1_1,73728,192,192,36864,1,1,1x1,one_to_one
0,1654905,907,32,128,32,0,1,warp-per-shift-shared-memory,32_128_False_True,192_192_1_1,73728,192,192,36864,1,1,1x1,one_to_one
0,1446483,1037,32,128,32,1,0,warp-per-shift-shared-memory,32_128_True_False,192_192_1_1,73728,192,192,36864,1,1,1x1,one_to_one
0,1490637,1007,32,128,32,1,1,warp-per-shift-shared-memory,32_128_True_True,192_192_1_1,73728,192,192,36864,1,1,1x1,one_to_one
0,16181683,80,8,32,8,0,0,warp-per-shift-shared-memory,8_32_False_False,256_256_1_1,131072,256,256,65536,1,1,1x1,one_to_one
0,16589657,80,8,32,8,0,1,warp-per-shift-shared-memory,8_32_False_True,256_256_1_1,131072,256,256,65536,1,1,1x1,one_to_one
0,12558684,100,8,32,8,1,0,warp-per-shift-shared-memory,8_32_True_False,256_256_1_1,131072,256,256,65536,1,1,1x1,one_to_one
0,12833433,100,8,32,8,1,1,warp-per-shift-shared-memory,8_32_True_True,256_256_1_1,131072,256,256,65536,1,1,1x1,one_to_one
0,8779645,172,8,128,8,0,0,warp-per-shift-shared-memory,8_128_False_False,256_256_1_1,131072,256,256,65536,1,1,1x1,one_to_one
0,8875050,170,8,128,8,0,1,warp-per-shift-shared-memory,8_128_False_True,256_256_1_1,131072,256,256,65536,1,1,1x1,one_to_one
0,7366008,204,8,128,8,1,0,warp-per-shift-shared-memory,8_128_True_False,256_256_1_1,131072,256,256,65536,1,1,1x1,one_to_one
0,7462922,202,8,128,8,1,1,warp-per-shift-shared-memory,8_128_True_True,256_256_1_1,131072,256,256,65536,1,1,1x1,one_to_one
0,7635266,197,8,256,8,0,0,warp-per-shift-shared-memory,8_256_False_False,256_256_1_1,131072,256,256,65536,1,1,1x1,one_to_one
0,7635287,197,8,256,8,0,1,warp-per-shift-shared-memory,8_256_False_True,256_256_1_1,131072,256,256,65536,1,1,1x1,one_to_one
0,6731035,224,8,256,8,1,0,warp-per-shift-shared-memory,8_256_True_False,256_256_1_1,131072,256,256,65536,1,1,1x1,one_to_one
0,6730637,224,8,256,8,1,1,warp-per-shift-shared-memory,8_256_True_True,256_256_1_1,131072,256,256,65536,1,1,1x1,one_to_one
0,9689239,155,16,32,16,0,0,warp-per-shift-shared-memory,16_32_False_False,256_256_1_1,131072,256,256,65536,1,1,1x1,one_to_one
0,10124871,100,16,32,16,0,1,warp-per-shift-shared-memory,16_32_False_True,256_256_1_1,131072,256,256,65536,1,1,1x1,one_to_one
0,7709372,196,16,32,16,1,0,warp-per-shift-shared-memory,16_32_True_False,256_256_1_1,131072,256,256,65536,1,1,1x1,one_to_one
0,8100056,185,16,32,16,1,1,warp-per-shift-shared-memory,16_32_True_True,256_256_1_1,131072,256,256,65536,1,1,1x1,one_to_one
0,5767022,261,16,128,16,0,0,warp-per-shift-shared-memory,16_128_False_False,256_256_1_1,131072,256,256,65536,1,1,1x1,one_to_one
0,5838943,258,16,128,16,0,1,warp-per-shift-shared-memory,16_128_False_True,256_256_1_1,131072,256,256,65536,1,1,1x1,one_to_one
0,5044265,298,16,128,16,1,0,warp-per-shift-shared-memory,16_128_True_False,256_256_1_1,131072,256,256,65536,1,1,1x1,one_to_one
0,5082679,296,16,128,16,1,1,warp-per-shift-shared-memory,16_128_True_True,256_256_1_1,131072,256,256,65536,1,1,1x1,one_to_one
0,5219026,289,16,256,16,0,0,warp-per-shift-shared-memory,16_256_False_False,256_256_1_1,131072,256,256,65536,1,1,1x1,one_to_one
0,5219033,289,16,256,16,0,1,warp-per-shift-shared-memory,16_256_False_True,256_256_1_1,131072,256,256,65536,1,1,1x1,one_to_one
0,4751168,316,16,256,16,1,0,warp-per-shift-shared-memory,16_256_True_False,256_256_1_1,131072,256,256,65536,1,1,1x1,one_to_one
0,4750985,317,16,256,16,1,1,warp-per-shift-shared-memory,16_256_True_True,256_256_1_1,131072,256,256,65536,1,1,1x1,one_to_one
0,7037009,213,32,32,32,0,0,warp-per-shift-shared-memory,32_32_False_False,256_256_1_1,131072,256,256,65536,1,1,1x1,one_to_one
0,7512709,200,32,32,32,0,1,warp-per-shift-shared-memory,32_32_False_True,256_256_1_1,131072,256,256,65536,1,1,1x1,one_to_one
0,5780385,260,32,32,32,1,0,warp-per-shift-shared-memory,32_32_True_False,256_256_1_1,131072,256,256,65536,1,1,1x1,one_to_one
0,6313566,238,32,32,32,1,1,warp-per-shift-shared-memory,32_32_True_True,256_256_1_1,131072,256,256,65536,1,1,1x1,one_to_one
0,4584934,328,32,128,32,0,0,warp-per-shift-shared-memory,32_128_False_False,256_256_1_1,131072,256,256,65536,1,1,1x1,one_to_one
0,4643593,324,32,128,32,0,1,warp-per-shift-shared-memory,32_128_False_True,256_256_1_1,131072,256,256,65536,1,1,1x1,one_to_one
0,4206170,357,32,128,32,1,0,warp-per-shift-shared-memory,32_128_True_False,256_256_1_1,131072,256,256,65536,1,1,1x1,one_to_one
0,4293187,350,32,128,32,1,1,warp-per-shift-shared-memory,32_128_True_True,256_256_1_1,131072,256,256,65536,1,1,1x1,one_to_one
